BEGIN;

-- Truncate all tables
TRUNCATE TABLE public.users, public.admin_log, public.comment_history, public.comment, public.daily_word, public.explanation, public.favorite_item, public.llm_log, public.metrics, public.note, public.question_tag, public.question, public.quiz_attempt_answer, public.quiz_attempt, public.quiz_note, public.quiz_question, public.quiz_source, public.quiz_tag, public.quiz_view, public.quiz, public.report, public.sessions, public.source, public.tag, public.user_source_progress RESTART IDENTITY CASCADE;

-- users
INSERT INTO public.users ("id", "username", "password_hash", "email", "email_confirmed", "role", "status", "created_at", "updated_at", "password_reset_token", "password_reset_expiry", "email_verification_token", "avatar_filename") VALUES (1, 'admin', 'DtsXfAbEsPrw5i8DZOEaNw==.HUDFlMvYikF1nsac3B/9hJi0xu4lR7dNbAdnd8u5rLk=', 'luongpysl@gmail.com', FALSE, 'admin', 'active', '2026-01-30 06:51:40.000+00', '2026-03-18 07:16:37.000+00', NULL, NULL, 'dc4ce0e7-e872-415e-80a5-fede7ee54c65', NULL);
INSERT INTO public.users ("id", "username", "password_hash", "email", "email_confirmed", "role", "status", "created_at", "updated_at", "password_reset_token", "password_reset_expiry", "email_verification_token", "avatar_filename") VALUES (2, 'davidvu25', '$2b$10$dummyhash986c08072b63e2933139c78b01ce520e', 'davidvu25@example.com', TRUE, 'user', 'banned', '2026-02-18 21:30:41.000+00', '2026-03-06 17:28:50.000+00', '8f4813cf-57a9-485f-a7b5-4689489c24ae', NULL, NULL, 'davidvu25.jpg');
INSERT INTO public.users ("id", "username", "password_hash", "email", "email_confirmed", "role", "status", "created_at", "updated_at", "password_reset_token", "password_reset_expiry", "email_verification_token", "avatar_filename") VALUES (3, 'trangnguyen19', '$2b$10$dummyhash210219579cd095bdbf844c9f4e5dd2f5', 'trangnguyen19@example.com', TRUE, 'user', 'active', '2026-03-15 21:50:29.000+00', '2026-03-03 00:26:02.000+00', '106d9473-a562-45f6-9262-e22c70f64060', NULL, NULL, NULL);
INSERT INTO public.users ("id", "username", "password_hash", "email", "email_confirmed", "role", "status", "created_at", "updated_at", "password_reset_token", "password_reset_expiry", "email_verification_token", "avatar_filename") VALUES (4, 'huydo21', '$2b$10$dummyhashe0c5262fffbd42114a6416a5d3a0405d', 'huydo21@example.com', TRUE, 'user', 'active', '2025-12-31 05:12:17.000+00', '2026-03-12 18:39:40.000+00', NULL, NULL, NULL, 'huydo21.jpg');
INSERT INTO public.users ("id", "username", "password_hash", "email", "email_confirmed", "role", "status", "created_at", "updated_at", "password_reset_token", "password_reset_expiry", "email_verification_token", "avatar_filename") VALUES (5, 'michaelphan94', '$2b$10$dummyhashe629eff5f47955e5d682105bd2851273', 'michaelphan94@example.com', FALSE, 'user', 'active', '2026-03-17 01:28:36.000+00', '2026-02-28 18:43:56.000+00', NULL, NULL, '7c552a40-86b2-44b2-9f3c-46f4fab3cf62', 'michaelphan94.jpg');
INSERT INTO public.users ("id", "username", "password_hash", "email", "email_confirmed", "role", "status", "created_at", "updated_at", "password_reset_token", "password_reset_expiry", "email_verification_token", "avatar_filename") VALUES (6, 'thanhlee12', '$2b$10$dummyhashc9e11dab80942db7300313d1d9731ddc', 'thanhlee12@example.com', TRUE, 'user', 'banned', '2025-12-26 03:34:20.000+00', '2026-03-07 00:43:17.000+00', NULL, NULL, NULL, NULL);
INSERT INTO public.users ("id", "username", "password_hash", "email", "email_confirmed", "role", "status", "created_at", "updated_at", "password_reset_token", "password_reset_expiry", "email_verification_token", "avatar_filename") VALUES (7, 'michaelchen43', '$2b$10$dummyhash971f9e2fa80185f4511fdf60a1579e80', 'michaelchen43@example.com', FALSE, 'user', 'active', '2026-03-09 09:18:47.000+00', '2026-02-27 19:28:49.000+00', 'dc76aad0-8b21-4e23-ae93-460cd942d565', NULL, 'db36e7e6-9a86-4aa4-8467-75518e62b25f', 'michaelchen43.jpg');
INSERT INTO public.users ("id", "username", "password_hash", "email", "email_confirmed", "role", "status", "created_at", "updated_at", "password_reset_token", "password_reset_expiry", "email_verification_token", "avatar_filename") VALUES (8, 'johnsmith23', '$2b$10$dummyhash6241f9555617a1c84683b71200e08c68', 'johnsmith23@example.com', FALSE, 'user', 'active', '2026-01-19 01:12:37.000+00', '2026-03-01 00:47:23.000+00', '615db87e-bdb8-421b-8d86-643cbcaf5af7', NULL, 'ca2788bd-248e-4333-a6e8-1a838b914bd0', 'johnsmith23.jpg');
INSERT INTO public.users ("id", "username", "password_hash", "email", "email_confirmed", "role", "status", "created_at", "updated_at", "password_reset_token", "password_reset_expiry", "email_verification_token", "avatar_filename") VALUES (9, 'linhjohnson63', '$2b$10$dummyhashee748004e614cb010d9e6cdb9102bb4b', 'linhjohnson63@example.com', TRUE, 'user', 'banned', '2026-02-28 07:29:11.000+00', '2026-03-19 09:42:17.000+00', NULL, NULL, NULL, 'linhjohnson63.jpg');
INSERT INTO public.users ("id", "username", "password_hash", "email", "email_confirmed", "role", "status", "created_at", "updated_at", "password_reset_token", "password_reset_expiry", "email_verification_token", "avatar_filename") VALUES (10, 'huykim57', '$2b$10$dummyhash3a979206b3afdbcdf0c3d492efb54779', 'huykim57@example.com', FALSE, 'user', 'banned', '2026-03-03 06:17:23.000+00', '2026-03-10 03:41:23.000+00', NULL, NULL, '95688d8b-abbf-4baa-8cce-1bc72238db7f', 'huykim57.jpg');
INSERT INTO public.users ("id", "username", "password_hash", "email", "email_confirmed", "role", "status", "created_at", "updated_at", "password_reset_token", "password_reset_expiry", "email_verification_token", "avatar_filename") VALUES (11, 'thanhdo55', '$2b$10$dummyhash64d6fb215efcad363cfa1597b1a91ba8', 'thanhdo55@example.com', FALSE, 'user', 'active', '2026-02-17 00:19:40.000+00', '2026-03-14 21:41:18.000+00', 'aa44bed2-9a24-4386-b96f-49070a343208', NULL, 'c1e092d5-2ec3-469a-a28c-3c6189aa8c33', 'thanhdo55.jpg');
INSERT INTO public.users ("id", "username", "password_hash", "email", "email_confirmed", "role", "status", "created_at", "updated_at", "password_reset_token", "password_reset_expiry", "email_verification_token", "avatar_filename") VALUES (12, 'thaopham48', '$2b$10$dummyhash48c15ef9c196405754fefc3093972952', 'thaopham48@example.com', TRUE, 'user', 'active', '2025-12-26 12:26:09.000+00', '2026-03-01 05:50:53.000+00', NULL, '2026-03-21 12:12:23.000+00', NULL, NULL);
INSERT INTO public.users ("id", "username", "password_hash", "email", "email_confirmed", "role", "status", "created_at", "updated_at", "password_reset_token", "password_reset_expiry", "email_verification_token", "avatar_filename") VALUES (13, 'michaelvu86', '$2b$10$dummyhash9ef710118a3385b3578515a878df9acc', 'michaelvu86@example.com', TRUE, 'user', 'banned', '2026-03-13 18:10:30.000+00', '2026-03-05 11:59:48.000+00', NULL, NULL, NULL, NULL);
INSERT INTO public.users ("id", "username", "password_hash", "email", "email_confirmed", "role", "status", "created_at", "updated_at", "password_reset_token", "password_reset_expiry", "email_verification_token", "avatar_filename") VALUES (14, 'thaohuynh45', '$2b$10$dummyhash03ab3503d0c20dffe2b813de2d12b707', 'thaohuynh45@example.com', TRUE, 'user', 'banned', '2026-02-15 15:37:19.000+00', '2026-03-01 20:21:01.000+00', 'eb79ff70-db86-4fb8-b920-973e5342824d', NULL, NULL, NULL);
INSERT INTO public.users ("id", "username", "password_hash", "email", "email_confirmed", "role", "status", "created_at", "updated_at", "password_reset_token", "password_reset_expiry", "email_verification_token", "avatar_filename") VALUES (15, 'michaelchen47', '$2b$10$dummyhash3fd273a821b02dee1a52c80c47915f31', 'michaelchen47@example.com', FALSE, 'user', 'active', '2026-02-21 20:02:17.000+00', '2026-03-10 06:42:47.000+00', NULL, '2026-03-21 05:26:28.000+00', 'a009a573-4e9c-4162-95b1-b08fe2fb9f55', 'michaelchen47.jpg');

-- tag
INSERT INTO public.tag ("id", "name") VALUES (1, 'Verb Tenses');
INSERT INTO public.tag ("id", "name") VALUES (2, 'Vocabulary Building');
INSERT INTO public.tag ("id", "name") VALUES (3, 'Listening Comprehension');
INSERT INTO public.tag ("id", "name") VALUES (4, 'Reading Skills');
INSERT INTO public.tag ("id", "name") VALUES (5, 'Writing Techniques');
INSERT INTO public.tag ("id", "name") VALUES (6, 'Speaking Practice');
INSERT INTO public.tag ("id", "name") VALUES (7, 'Accent Training');
INSERT INTO public.tag ("id", "name") VALUES (8, 'Collocations');
INSERT INTO public.tag ("id", "name") VALUES (9, 'Idiomatic Expressions');
INSERT INTO public.tag ("id", "name") VALUES (10, 'Common Errors');
INSERT INTO public.tag ("id", "name") VALUES (11, 'Phrasal Verbs');
INSERT INTO public.tag ("id", "name") VALUES (12, 'Grammar Rules');
INSERT INTO public.tag ("id", "name") VALUES (13, 'ESL Conversations');
INSERT INTO public.tag ("id", "name") VALUES (14, 'ESL Stories');
INSERT INTO public.tag ("id", "name") VALUES (15, 'ESL Essays');
INSERT INTO public.tag ("id", "name") VALUES (16, 'ESL Articles');
INSERT INTO public.tag ("id", "name") VALUES (17, 'ESL News');
INSERT INTO public.tag ("id", "name") VALUES (18, 'ESL Poetry');
INSERT INTO public.tag ("id", "name") VALUES (19, 'ESL Songs');
INSERT INTO public.tag ("id", "name") VALUES (20, 'ESL Dialogues');

-- daily_word
INSERT INTO public.daily_word ("id", "word", "part_of_speech", "vietnamese_translation", "example", "origin", "fun_fact", "target_date", "created_at") VALUES (1, 'serendipity', 'noun', 'sự may mắn không dự định', 'The discovery of penicillin was a result of serendipity.', 'Persian, from the title of a fairy tale ''The Three Princes'' Adventure in Many Lands''', 'The word ''serendipity'' was coined in 1754 by Horace Walpole, who used it in a letter to a friend.', '2026-03-11 17:00:00.000+00', '2026-03-06 04:18:08.000+00');
INSERT INTO public.daily_word ("id", "word", "part_of_speech", "vietnamese_translation", "example", "origin", "fun_fact", "target_date", "created_at") VALUES (2, 'serendipity', 'noun', 'thần tiên bất ngờ', 'The discovery of penicillin was a result of serendipity.', 'Persian, from the story ''The Three Princes of Serendip''', 'The word ''serendipity'' was coined in 1754 by Horace Walpole, who was trying to remember the name of the Persian fairy tale where the princes kept finding good fortune unexpectedly.', '2026-03-12 17:00:00.000+00', '2026-03-03 03:31:32.000+00');
INSERT INTO public.daily_word ("id", "word", "part_of_speech", "vietnamese_translation", "example", "origin", "fun_fact", "target_date", "created_at") VALUES (3, 'serendipity', 'noun', 'ngẫu nhiên may mắn', 'The discovery of penicillin was a result of serendipity.', 'From the Persian fairy tale ''The Three Princes of Serendip'', where the heroes made fortunate discoveries without seeking them.', 'Serendipity is derived from the name of an ancient kingdom in South Asia, Serendip.', '2026-03-13 17:00:00.000+00', '2026-02-27 05:08:00.000+00');
INSERT INTO public.daily_word ("id", "word", "part_of_speech", "vietnamese_translation", "example", "origin", "fun_fact", "target_date", "created_at") VALUES (4, 'serendipity', 'noun', 'thông tin bất ngờ', 'The discovery of penicillin was a result of serendipity.', 'Persian (سرندیپ, serendip, a fairy in a fairy tale)', 'The word was coined in 1754 by the author Horace Walpole, who claimed to have invented it while reading an Arabian Nights story.', '2026-03-14 17:00:00.000+00', '2026-03-14 11:04:52.000+00');
INSERT INTO public.daily_word ("id", "word", "part_of_speech", "vietnamese_translation", "example", "origin", "fun_fact", "target_date", "created_at") VALUES (5, 'serendipity', 'noun', 'ngẫu nhiên may mắn', 'The discovery of penicillin was a result of serendipity.', 'Persian, from sarandip, meaning ''land of happy chance'' or ''fortunate island''', 'The word ''serendipity'' was coined by Horace Walpole in a letter in 1754.', '2026-03-15 17:00:00.000+00', '2026-03-06 06:05:49.000+00');
INSERT INTO public.daily_word ("id", "word", "part_of_speech", "vietnamese_translation", "example", "origin", "fun_fact", "target_date", "created_at") VALUES (6, 'serendipity', 'noun', 'thần kỳ', 'The discovery of penicillin was a result of serendipity.', 'From the Persian fairy tale ''The Three Princes of Serendip'', where ''Serendip'' is an old name for Sri Lanka.', 'The word ''serendipity'' was coined in 1754 by the British author Horace Walpole.', '2026-03-16 17:00:00.000+00', '2026-03-17 05:13:42.000+00');
INSERT INTO public.daily_word ("id", "word", "part_of_speech", "vietnamese_translation", "example", "origin", "fun_fact", "target_date", "created_at") VALUES (7, 'serendipity', 'noun', 'sự may mắn không ngờ', 'The discovery of the new species was a result of pure serendipity.', 'Persian, from serendip, mythical island in fairy tale, where fortunate discoveries are made', 'The word ''serendipity'' was coined by Horace Walpole in a letter to a friend in 1754.', '2026-03-17 17:00:00.000+00', '2026-03-02 02:57:45.000+00');
INSERT INTO public.daily_word ("id", "word", "part_of_speech", "vietnamese_translation", "example", "origin", "fun_fact", "target_date", "created_at") VALUES (8, 'serendipity', 'noun', 'sự may mắn bất ngờ', 'The discovery of penicillin was a serendipity that changed medical history.', 'The term was coined by the 18th-century author Horace Walpole, derived from Persian fairy tales.', 'Serendipity is derived from the title of a Persian fairy tale ''The Three Princes of Serendip'', where Serendip is an ancient name for Sri Lanka.', '2026-03-18 17:00:00.000+00', '2026-02-27 09:32:48.000+00');
INSERT INTO public.daily_word ("id", "word", "part_of_speech", "vietnamese_translation", "example", "origin", "fun_fact", "target_date", "created_at") VALUES (9, 'serendipity', 'noun', 'tuynhệt may mắn bất ngờ', 'The discovery of penicillin was a classic example of serendipity.', 'Persian, originally meaning ''three pronged spear''', 'The word ''serendipity'' was coined by the English author Horace Walpole in a letter to a friend in 1754.', '2026-03-19 17:00:00.000+00', '2026-03-03 02:04:05.000+00');
INSERT INTO public.daily_word ("id", "word", "part_of_speech", "vietnamese_translation", "example", "origin", "fun_fact", "target_date", "created_at") VALUES (10, 'serendipity', 'noun', 'dự định may mắn', 'The discovery of penicillin was a result of serendipity.', 'From the Persian fairy tale ''The Three Princes of Serendip''.', 'The word ''serendipity'' was coined in the 18th century by Horace Walpole.', '2026-03-20 17:00:00.000+00', '2026-03-17 03:40:40.000+00');
INSERT INTO public.daily_word ("id", "word", "part_of_speech", "vietnamese_translation", "example", "origin", "fun_fact", "target_date", "created_at") VALUES (11, 'serendipity', 'noun', 'ý nghịch ngợp, may mắn không ngờ', 'The serendipity of meeting an old friend on a rainy day added a special touch to my week.', 'Persian, originally ''serendipity'' means the good fortune of the protagonist in a fairy tale of Persian origin.', 'The word ''serendipity'' was coined in 1754 by British author Horace Walpole, inspired by a Persian fairy tale called ''The Three Princes of Serendip''.', '2026-03-21 17:00:00.000+00', '2026-03-02 11:01:23.000+00');
INSERT INTO public.daily_word ("id", "word", "part_of_speech", "vietnamese_translation", "example", "origin", "fun_fact", "target_date", "created_at") VALUES (12, 'serendipity', 'noun', 'tiên duyên', 'The discovery of the new species was a result of serendipity, as the researcher was actually looking for something else.', 'Persian and English, from the fairy tale ''The Three Princes of Serendip'', meaning the ability to make fortunate discoveries by accident.', 'The word ''serendipity'' was coined by Horace Walpole, an 18th-century English writer, in a letter to a friend.', '2026-03-22 17:00:00.000+00', '2026-03-08 04:49:32.000+00');
INSERT INTO public.daily_word ("id", "word", "part_of_speech", "vietnamese_translation", "example", "origin", "fun_fact", "target_date", "created_at") VALUES (13, 'Serendipity', 'noun', 'Duyên may', 'The serendipity of meeting an old friend in a foreign city was truly delightful.', 'Persian, from ''serendipit'' meaning ''happy fortune'' in the fairy tale ''The Three Princes of Serendip''.', 'The word ''serendipity'' was coined in 1754 by Horace Walpole, a British author.', '2026-03-23 17:00:00.000+00', '2026-03-12 11:57:15.000+00');
INSERT INTO public.daily_word ("id", "word", "part_of_speech", "vietnamese_translation", "example", "origin", "fun_fact", "target_date", "created_at") VALUES (14, 'serendipity', 'noun', 'ngẫu nhiên đẹp mắt', 'The discovery of penicillin was a result of serendipity.', 'Persian, originally meaning ''three young princesses''', 'The word ''serendipity'' was coined by Horace Walpole in 1754.', '2026-03-24 17:00:00.000+00', '2026-03-03 10:56:41.000+00');

-- source
INSERT INTO public.source ("id", "user_id", "type", "title", "url", "content", "raw_html", "raw_text", "file_path", "metadata", "deleted_at", "created_at", "updated_at") VALUES (1, 13, 'note', 'Learning English Basics', NULL, '{"paragraphs":["In English, the use of the subjunctive mood is often misunderstood. It is typically used to express wishes, suggestions, or hypothetical situations. For example, ''I suggest that he be given a chance'' or ''It is essential that she be informed.'' Note the verb ''be'' in these sentences, which is a hallmark of the subjunctive.","Learning about the British Isles can enrich your understanding of English culture. Each country or region has its own dialects and sayings. For instance, in Scotland, you might hear ''Aye'' instead of ''Yes,'' and in Ireland, ''Grand'' is used to mean ''good'' or ''well.'' Exploring these differences can make your English more nuanced and interesting."]}'::jsonb, NULL, 'In English, the use of the subjunctive mood is often misunderstood. It is typically used to express wishes, suggestions, or hypothetical situations. For example, ''I suggest that he be given a chance'' or ''It is essential that she be informed.'' Note the verb ''be'' in these sentences, which is a hallmark of the subjunctive.

Learning about the British Isles can enrich your understanding of English culture. Each country or region has its own dialects and sayings. For instance, in Scotland, you might hear ''Aye'' instead of ''Yes,'' and in Ireland, ''Grand'' is used to mean ''good'' or ''well.'' Exploring these differences can make your English more nuanced and interesting.', NULL, '{"topic":"vocabulary"}'::jsonb, NULL, '2026-02-12 11:33:32.000+00', '2026-02-27 15:45:18.000+00');
INSERT INTO public.source ("id", "user_id", "type", "title", "url", "content", "raw_html", "raw_text", "file_path", "metadata", "deleted_at", "created_at", "updated_at") VALUES (2, 11, 'pdf', 'Essential English Learning Guide', NULL, '{"text":"In English grammar, a clause is a group of words containing a subject and a predicate. The subject is typically the person, place, thing, or idea that is doing or being something, while the predicate tells what the subject is doing. For example, in the sentence \"The cat sleeps on the mat,\" \"the cat\" is the subject, and \"sleeps on the mat\" is the predicate."}'::jsonb, NULL, 'In English grammar, a clause is a group of words containing a subject and a predicate. The subject is typically the person, place, thing, or idea that is doing or being something, while the predicate tells what the subject is doing. For example, in the sentence "The cat sleeps on the mat," "the cat" is the subject, and "sleeps on the mat" is the predicate.', '/uploads/pdf/2.pdf', '{"pages":44}'::jsonb, NULL, '2026-01-24 05:52:24.000+00', '2026-03-12 08:50:37.000+00');
INSERT INTO public.source ("id", "user_id", "type", "title", "url", "content", "raw_html", "raw_text", "file_path", "metadata", "deleted_at", "created_at", "updated_at") VALUES (3, 11, 'txt', 'Learning English Basics', NULL, '{"text":"1. Start with the basics: Focus on mastering fundamental grammar rules and common vocabulary.\n2. Practice regularly: Consistency is key in learning a new language. Even short daily practice sessions are beneficial.\n3. Use apps and online resources: There are numerous free and paid resources available online to enhance your learning experience.\n4. Listen to English: Watch movies, TV shows, and listen to podcasts or music in English to improve your listening skills.\n5. Read in English: Start with children''s books or simplified texts and gradually move to more complex materials.\n6. Write in English: Keeping a journal or writing short stories can help improve your writing skills and vocabulary.\n7. Join a language exchange: Find a native English speaker willing to help you practice"}'::jsonb, NULL, '1. Start with the basics: Focus on mastering fundamental grammar rules and common vocabulary.
2. Practice regularly: Consistency is key in learning a new language. Even short daily practice sessions are beneficial.
3. Use apps and online resources: There are numerous free and paid resources available online to enhance your learning experience.
4. Listen to English: Watch movies, TV shows, and listen to podcasts or music in English to improve your listening skills.
5. Read in English: Start with children''s books or simplified texts and gradually move to more complex materials.
6. Write in English: Keeping a journal or writing short stories can help improve your writing skills and vocabulary.
7. Join a language exchange: Find a native English speaker willing to help you practice', '/uploads/txt/3.txt', '{"source":"plain text file"}'::jsonb, NULL, '2026-02-26 15:29:16.000+00', '2026-03-06 12:44:42.000+00');
INSERT INTO public.source ("id", "user_id", "type", "title", "url", "content", "raw_html", "raw_text", "file_path", "metadata", "deleted_at", "created_at", "updated_at") VALUES (4, 13, 'book', 'Unlocking English: A Comprehensive Guide', NULL, '{"excerpt":"As I flipped through the pages of my new English textbook, I felt a mix of excitement and trepidation. Excitement because this was my ticket to a world of endless possibilities, where I could communicate with people from all corners of the globe. Trepidation because I knew the journey ahead wouldn''t be easy. The first lesson was titled \"Greetings and Introductions,\" which seemed simple enough. I started by learning the basic phrases like \"Hello, how are you?\" and \"My name is...\". Each phrase was accompanied by a helpful audio clip so I could hear the correct pronunciation. I practiced these phrases in the mirror, mimicking the tones and intonations as best as I could. It was a small step, but"}'::jsonb, NULL, 'As I flipped through the pages of my new English textbook, I felt a mix of excitement and trepidation. Excitement because this was my ticket to a world of endless possibilities, where I could communicate with people from all corners of the globe. Trepidation because I knew the journey ahead wouldn''t be easy. The first lesson was titled "Greetings and Introductions," which seemed simple enough. I started by learning the basic phrases like "Hello, how are you?" and "My name is...". Each phrase was accompanied by a helpful audio clip so I could hear the correct pronunciation. I practiced these phrases in the mirror, mimicking the tones and intonations as best as I could. It was a small step, but', NULL, '{"author":"David Brown","year":2013}'::jsonb, NULL, '2026-03-10 08:53:40.000+00', '2026-03-11 07:36:43.000+00');
INSERT INTO public.source ("id", "user_id", "type", "title", "url", "content", "raw_html", "raw_text", "file_path", "metadata", "deleted_at", "created_at", "updated_at") VALUES (5, 2, 'note', 'Tips for Effective English Learning', NULL, '{"paragraphs":["In English, the use of the subjunctive mood often appears in expressions such as ''suggest,'' ''demand,'' ''require,'' and ''insist,'' where the subjunctive form is typically used after these verbs. For example, ''He suggested that she be the project leader.'' This usage emphasizes the necessity or desire expressed by the speaker.","Learning about English idioms can greatly enhance your ability to communicate naturally. Idioms, such as ''it''s raining cats and dogs,'' are phrases that have figurative meanings different from the literal ones. Understanding these expressions enriches your vocabulary and helps in expressing yourself more effectively in daily conversations."]}'::jsonb, NULL, 'In English, the use of the subjunctive mood often appears in expressions such as ''suggest,'' ''demand,'' ''require,'' and ''insist,'' where the subjunctive form is typically used after these verbs. For example, ''He suggested that she be the project leader.'' This usage emphasizes the necessity or desire expressed by the speaker.

Learning about English idioms can greatly enhance your ability to communicate naturally. Idioms, such as ''it''s raining cats and dogs,'' are phrases that have figurative meanings different from the literal ones. Understanding these expressions enriches your vocabulary and helps in expressing yourself more effectively in daily conversations.', NULL, '{"topic":"grammar"}'::jsonb, NULL, '2026-02-21 13:50:41.000+00', '2026-03-18 01:16:42.000+00');
INSERT INTO public.source ("id", "user_id", "type", "title", "url", "content", "raw_html", "raw_text", "file_path", "metadata", "deleted_at", "created_at", "updated_at") VALUES (6, 13, 'link', 'Explore English: Beginner Basics', 'https://example.com/explore-english-beginner-basics', '{"summary":"The article emphasizes the importance of consistent practice and exposure to authentic English content for effective language learning. It also suggests using various resources like apps, podcasts, and videos to make learning more engaging and convenient."}'::jsonb, '<html><body>The article emphasizes the importance of consistent practice and exposure to authentic English content for effective language learning. It also suggests using various resources like apps, podcasts, and videos to make learning more engaging and convenient.</body></html>', 'The article emphasizes the importance of consistent practice and exposure to authentic English content for effective language learning. It also suggests using various resources like apps, podcasts, and videos to make learning more engaging and convenient.', NULL, '{"url":"https://example.com/article6"}'::jsonb, NULL, '2026-01-23 14:20:05.000+00', '2026-03-06 04:28:16.000+00');
INSERT INTO public.source ("id", "user_id", "type", "title", "url", "content", "raw_html", "raw_text", "file_path", "metadata", "deleted_at", "created_at", "updated_at") VALUES (7, 12, 'link', 'Tips for Effective English Learning', 'https://example.com/tips-for-effective-english-learning', '{"summary":"The article emphasizes the importance of consistent practice and utilizing a variety of resources, such as apps, videos, and books, to effectively learn English. It also highlights the significance of immersing oneself in English-speaking environments, whether virtually or in person, to enhance language skills and confidence."}'::jsonb, '<html><body>The article emphasizes the importance of consistent practice and utilizing a variety of resources, such as apps, videos, and books, to effectively learn English. It also highlights the significance of immersing oneself in English-speaking environments, whether virtually or in person, to enhance language skills and confidence.</body></html>', 'The article emphasizes the importance of consistent practice and utilizing a variety of resources, such as apps, videos, and books, to effectively learn English. It also highlights the significance of immersing oneself in English-speaking environments, whether virtually or in person, to enhance language skills and confidence.', NULL, '{"url":"https://example.com/article7"}'::jsonb, NULL, '2026-02-15 09:06:46.000+00', '2026-03-05 14:06:03.000+00');
INSERT INTO public.source ("id", "user_id", "type", "title", "url", "content", "raw_html", "raw_text", "file_path", "metadata", "deleted_at", "created_at", "updated_at") VALUES (8, 6, 'book', 'Unlocking English', NULL, '{"excerpt":"In the quiet of her study, Sarah flipped through the pages of her latest English learning book, her eyes dancing over the new vocabulary she aimed to master. Today, she had set her focus on adjectives and the subtle art of describing objects and people with vivid clarity. She picked up a pen, her mind buzzing with ideas, and began to jot down sentences that would soon fill her notebook. \"The golden sunlight bathed the tranquil lake, reflecting the serene sky above.\" Each word chosen carefully, each sentence crafted with thought, Sarah felt the depth of her language expanding like ripples in a pond."}'::jsonb, NULL, 'In the quiet of her study, Sarah flipped through the pages of her latest English learning book, her eyes dancing over the new vocabulary she aimed to master. Today, she had set her focus on adjectives and the subtle art of describing objects and people with vivid clarity. She picked up a pen, her mind buzzing with ideas, and began to jot down sentences that would soon fill her notebook. "The golden sunlight bathed the tranquil lake, reflecting the serene sky above." Each word chosen carefully, each sentence crafted with thought, Sarah felt the depth of her language expanding like ripples in a pond.', NULL, '{"author":"John Smith","year":2005}'::jsonb, '2026-03-16 13:20:38.000+00', '2026-03-13 12:47:22.000+00', '2026-03-15 12:30:08.000+00');
INSERT INTO public.source ("id", "user_id", "type", "title", "url", "content", "raw_html", "raw_text", "file_path", "metadata", "deleted_at", "created_at", "updated_at") VALUES (9, 12, 'book', 'Mastering English: A Comprehensive Guide', NULL, '{"excerpt":"In the quiet of her study, Mia flipped through her notebook, each page filled with new phrases and vocabulary she was determined to master. Today, she focused on the simple present tense, a cornerstone of everyday conversation. \"I love reading,\" she wrote, followed by \"She plays the piano beautifully.\" Each sentence was a step towards fluency, a small victory in her ongoing journey to improve her English skills. With a satisfied nod, she moved on to the next exercise, ready to tackle the challenges that lay ahead."}'::jsonb, NULL, 'In the quiet of her study, Mia flipped through her notebook, each page filled with new phrases and vocabulary she was determined to master. Today, she focused on the simple present tense, a cornerstone of everyday conversation. "I love reading," she wrote, followed by "She plays the piano beautifully." Each sentence was a step towards fluency, a small victory in her ongoing journey to improve her English skills. With a satisfied nod, she moved on to the next exercise, ready to tackle the challenges that lay ahead.', NULL, '{"author":"Jane Doe","year":2020}'::jsonb, NULL, '2026-02-15 15:10:08.000+00', '2026-03-08 11:12:46.000+00');
INSERT INTO public.source ("id", "user_id", "type", "title", "url", "content", "raw_html", "raw_text", "file_path", "metadata", "deleted_at", "created_at", "updated_at") VALUES (10, 3, 'link', 'Learn English Fundamentals Online', 'https://example.com/learn-english-fundamentals-online', '{"summary":"The article discusses the importance of consistent practice and suggests using daily podcasts and news articles to improve listening and reading skills. It also recommends joining online English-speaking communities to enhance conversation and vocabulary skills."}'::jsonb, '<html><body>The article discusses the importance of consistent practice and suggests using daily podcasts and news articles to improve listening and reading skills. It also recommends joining online English-speaking communities to enhance conversation and vocabulary skills.</body></html>', 'The article discusses the importance of consistent practice and suggests using daily podcasts and news articles to improve listening and reading skills. It also recommends joining online English-speaking communities to enhance conversation and vocabulary skills.', NULL, '{"url":"https://example.com/article10"}'::jsonb, NULL, '2026-02-09 09:12:55.000+00', '2026-03-09 12:02:57.000+00');
INSERT INTO public.source ("id", "user_id", "type", "title", "url", "content", "raw_html", "raw_text", "file_path", "metadata", "deleted_at", "created_at", "updated_at") VALUES (11, 5, 'note', 'Learning English Basics', NULL, '{"paragraphs":["In English, the subjunctive mood is often used to express wishes, suggestions, or hypothetical situations. For example, ''I suggest that he be more patient'' or ''It is crucial that she be informed.'' This mood is formed using ''be'' for all subjects in the present tense and the base form of the verb for all other tenses.","Understanding British culture is essential for effective communication in English-speaking countries. British humor, for instance, often relies on irony and sarcasm, which can be challenging for non-native speakers. To better understand British humor, it''s helpful to be familiar with common phrases like ''cheeky'' and ''mate'', which are frequently used in casual conversation."]}'::jsonb, NULL, 'In English, the subjunctive mood is often used to express wishes, suggestions, or hypothetical situations. For example, ''I suggest that he be more patient'' or ''It is crucial that she be informed.'' This mood is formed using ''be'' for all subjects in the present tense and the base form of the verb for all other tenses.

Understanding British culture is essential for effective communication in English-speaking countries. British humor, for instance, often relies on irony and sarcasm, which can be challenging for non-native speakers. To better understand British humor, it''s helpful to be familiar with common phrases like ''cheeky'' and ''mate'', which are frequently used in casual conversation.', NULL, '{"topic":"vocabulary"}'::jsonb, NULL, '2026-01-31 04:51:27.000+00', '2026-03-16 10:30:11.000+00');
INSERT INTO public.source ("id", "user_id", "type", "title", "url", "content", "raw_html", "raw_text", "file_path", "metadata", "deleted_at", "created_at", "updated_at") VALUES (12, 3, 'txt', 'English Learning Journey', NULL, '{"text":"1. Practice Regularly: Consistency is key in learning English. Set aside a few minutes each day to practice, whether it’s reading a book, watching a movie, or engaging in conversation.\n\n2. Build Vocabulary: Expand your word power by learning new words daily. Use flashcards, apps, or a small notebook to jot down new terms and their meanings.\n\n3. Listen Actively: Listen to English-language podcasts, music, or news to improve your listening skills. Pay attention to how words are pronounced and try to mimic the intonation.\n\n4. Read Widely: Read English books, articles, or blogs to enhance your comprehension and vocabulary. Start with simpler texts and gradually move to more complex materials.\n\n5. Write Regularly:"}'::jsonb, NULL, '1. Practice Regularly: Consistency is key in learning English. Set aside a few minutes each day to practice, whether it’s reading a book, watching a movie, or engaging in conversation.

2. Build Vocabulary: Expand your word power by learning new words daily. Use flashcards, apps, or a small notebook to jot down new terms and their meanings.

3. Listen Actively: Listen to English-language podcasts, music, or news to improve your listening skills. Pay attention to how words are pronounced and try to mimic the intonation.

4. Read Widely: Read English books, articles, or blogs to enhance your comprehension and vocabulary. Start with simpler texts and gradually move to more complex materials.

5. Write Regularly:', '/uploads/txt/12.txt', '{"source":"plain text file"}'::jsonb, NULL, '2026-01-18 04:28:30.000+00', '2026-03-06 08:40:09.000+00');

-- note
INSERT INTO public.note ("id", "user_id", "title", "content", "created_at", "updated_at") VALUES (1, 15, 'My Journey into English', 'Learning English has been a challenging but rewarding journey, expanding my communication skills and opening doors to new cultures and opportunities. I''ve noticed that practicing speaking with native speakers significantly improves my fluency and confidence.', '2026-01-28 01:12:31.000+00', '2026-03-07 03:29:15.000+00');
INSERT INTO public.note ("id", "user_id", "title", "content", "created_at", "updated_at") VALUES (2, 8, 'My Journey into English', 'Learning English has been a fascinating journey, opening up new doors to understanding global perspectives and cultures. I''ve noticed that practicing speaking with native speakers significantly improves my fluency and confidence.', '2026-03-16 13:21:25.000+00', '2026-03-15 05:02:39.000+00');
INSERT INTO public.note ("id", "user_id", "title", "content", "created_at", "updated_at") VALUES (3, 2, 'My English Learning Journey', 'Learning English has been a fascinating journey, with each new word opening up a new world of meaning and culture. I''ve noticed that practicing speaking with native speakers greatly improves my fluency and confidence.', '2026-01-23 11:39:48.000+00', '2026-03-19 07:32:28.000+00');
INSERT INTO public.note ("id", "user_id", "title", "content", "created_at", "updated_at") VALUES (4, 9, 'My Journey into English', 'Learning English has been a fascinating journey, expanding my horizons and allowing me to connect with people from all around the world. I''ve noticed that mastering English idioms can be particularly challenging but also incredibly rewarding.', '2026-02-18 03:34:00.000+00', '2026-03-07 17:41:10.000+00');
INSERT INTO public.note ("id", "user_id", "title", "content", "created_at", "updated_at") VALUES (5, 7, 'Journey into English', 'Learning English has been a rewarding journey, filled with both challenges and moments of clarity. I find that practicing with native speakers significantly improves my fluency and understanding of cultural nuances.', '2026-02-03 15:16:37.000+00', '2026-03-05 04:02:34.000+00');
INSERT INTO public.note ("id", "user_id", "title", "content", "created_at", "updated_at") VALUES (6, 8, 'My Journey with English', 'Learning English has been a journey filled with both challenges and surprises, and I''ve discovered that consistent practice and exposure to native speakers significantly enhance my language skills.', '2026-02-20 04:45:07.000+00', '2026-03-08 07:56:49.000+00');
INSERT INTO public.note ("id", "user_id", "title", "content", "created_at", "updated_at") VALUES (7, 8, 'My English Learning Journey', 'Learning English has been a rewarding journey, allowing me to connect with people from all around the world. I''ve noticed that practicing speaking with native speakers greatly improves my fluency and confidence.', '2026-03-18 14:03:30.000+00', '2026-03-12 09:33:36.000+00');
INSERT INTO public.note ("id", "user_id", "title", "content", "created_at", "updated_at") VALUES (8, 13, 'My Journey into English', 'Learning English has been a fascinating journey, allowing me to connect with people from all over the world. I''ve noticed that practicing speaking with native speakers significantly improves my fluency and confidence.', '2026-02-07 16:58:58.000+00', '2026-03-07 15:48:09.000+00');
INSERT INTO public.note ("id", "user_id", "title", "content", "created_at", "updated_at") VALUES (9, 3, 'My Journey into English', 'Learning English has been a fascinating journey, filled with both challenges and unexpected joys as I discover the nuances of this language. I''ve found that practicing with native speakers greatly enhances my understanding and fluency.', '2026-01-17 17:29:52.000+00', '2026-03-09 11:19:50.000+00');
INSERT INTO public.note ("id", "user_id", "title", "content", "created_at", "updated_at") VALUES (10, 8, 'My Journey into English', 'Learning English has been a rewarding journey, helping me connect with people from all over the world. I''ve noticed that practicing speaking with native speakers greatly improves my fluency and confidence.', '2026-01-22 08:15:09.000+00', '2026-03-14 10:03:08.000+00');
INSERT INTO public.note ("id", "user_id", "title", "content", "created_at", "updated_at") VALUES (11, 5, 'My Journey into English', 'Learning English has been a fascinating journey, introducing me to new cultures and perspectives. I''ve noticed that practicing speaking with native speakers significantly improves my fluency and confidence.', '2026-02-09 01:38:58.000+00', '2026-03-13 12:44:00.000+00');
INSERT INTO public.note ("id", "user_id", "title", "content", "created_at", "updated_at") VALUES (12, 11, 'My English Learning Journey', 'Learning English has been a fascinating journey, filled with unexpected twists and turns. I''ve realized that the key to improvement is not just memorizing vocabulary and grammar rules, but also practicing speaking and listening regularly.', '2026-01-24 23:35:53.000+00', '2026-03-12 02:50:37.000+00');

-- question
INSERT INTO public.question ("id", "user_id", "type", "content", "explanation", "metadata", "created_at", "updated_at") VALUES (1, 8, 'fill_blank', 'The ___________ of the sentence is the part that expresses the main idea.', 'The predicate of the sentence includes the verb and its complements, expressing the main action or state of the subject.', '{"answers":["predicate"],"keywords":["sentence","main idea"]}'::jsonb, '2026-02-15 15:10:35.000+00', '2026-03-18 10:47:26.000+00');
INSERT INTO public.question ("id", "user_id", "type", "content", "explanation", "metadata", "created_at", "updated_at") VALUES (2, 13, 'matching', 'Match the English words with their meanings:', 'Select the correct meaning for each word from the list.', '{"pairs":[{"id":1,"left":"Amiable","right":"Friendly and pleasant"},{"id":2,"left":"Cacophony","right":"A harsh, unpleasant sound"},{"id":3,"left":"Furtive","right":"Done in a secretive or stealthy manner"},{"id":4,"left":"Lethargic","right":"Feeling or showing a lack of energy and enthusiasm"},{"id":5,"left":"Vex","right":"Trouble or annoy (someone)"}]}'::jsonb, '2026-02-23 09:10:58.000+00', '2026-03-16 11:42:34.000+00');
INSERT INTO public.question ("id", "user_id", "type", "content", "explanation", "metadata", "created_at", "updated_at") VALUES (3, 10, 'ordering', 'Arrange the following steps of the water cycle in the correct order: evaporation, precipitation, condensation, collection.', 'The correct order of the water cycle is evaporation, condensation, precipitation, and collection. This is the natural sequence in which water moves through the environment.', '{"type":"ordering","items":[{"text":"evaporation","order_id":1},{"text":"condensation","order_id":2},{"text":"precipitation","order_id":3},{"text":"collection","order_id":4}]}'::jsonb, '2026-01-24 12:00:03.000+00', '2026-03-17 14:00:02.000+00');
INSERT INTO public.question ("id", "user_id", "type", "content", "explanation", "metadata", "created_at", "updated_at") VALUES (4, 2, 'ordering', 'Arrange the sentences in the correct order to form a coherent paragraph about starting a day.', 'The correct order helps in understanding the sequence of activities typically followed in starting a day.', '{"ordering":{"items":[{"text":"Get out of bed","order_id":1},{"text":"Eat breakfast","order_id":2},{"text":"Take a shower","order_id":3},{"text":"Go to work/school","order_id":4}]}}'::jsonb, '2026-02-02 10:00:24.000+00', '2026-03-02 06:11:44.000+00');
INSERT INTO public.question ("id", "user_id", "type", "content", "explanation", "metadata", "created_at", "updated_at") VALUES (5, 2, 'matching', 'Match the following English phrasal verbs with their meanings:', 'The correct matches are based on the common meanings of the phrasal verbs.', '{"type":"matching","pairs":[{"id":1,"left":"break down","right":"to fail or stop working"},{"id":2,"left":"turn down","right":"to refuse or reject"},{"id":3,"left":"hand in","right":"to submit or deliver"},{"id":4,"left":"look up","right":"to search for information"},{"id":5,"left":"take off","right":"to leave or depart"}]}'::jsonb, '2026-02-09 09:51:34.000+00', '2026-03-11 09:24:35.000+00');
INSERT INTO public.question ("id", "user_id", "type", "content", "explanation", "metadata", "created_at", "updated_at") VALUES (6, 3, 'single_choice', 'Which of the following words means ''to make something new or different''?', 'The word ''innovate'' means to introduce new ideas, methods, or products, making something new or different.', '{"options":[{"id":"a","text":"innovate"},{"id":"b","text":"interrupt"},{"id":"c","text":"inspire"},{"id":"d","text":"invent"}],"correctAnswers":["a"]}'::jsonb, '2026-02-04 11:16:55.000+00', '2026-02-28 07:35:20.000+00');
INSERT INTO public.question ("id", "user_id", "type", "content", "explanation", "metadata", "created_at", "updated_at") VALUES (7, 15, 'matching', 'Match the following English prepositions with their correct meanings:', 'Correct matches will align the prepositions with their appropriate definitions, which is essential for proper sentence construction and comprehension.', '{"pairs":[{"id":1,"left":"in","right":"inside a container or position"},{"id":2,"left":"on","right":"touching the surface of"},{"id":3,"left":"under","right":"below and in contact with"},{"id":4,"left":"over","right":"above and not touching"},{"id":5,"left":"at","right":"indicating a specific place or time"}]}'::jsonb, '2026-01-24 11:20:54.000+00', '2026-03-09 14:13:09.000+00');
INSERT INTO public.question ("id", "user_id", "type", "content", "explanation", "metadata", "created_at", "updated_at") VALUES (8, 15, 'fill_blank', 'In the sentence ''I have a lot of __________ to do today.'', what is the correct word to fill in the blank?', 'The correct word should be a noun that represents tasks or activities. In this case, ''tasks'' is appropriate.', '{"options":[{"id":"a","text":"tasks"},{"id":"b","text":"books"},{"id":"c","text":"friends"},{"id":"d","text":"dreams"}],"correctAnswers":["a"]}'::jsonb, '2026-02-16 15:01:39.000+00', '2026-03-07 15:15:57.000+00');
INSERT INTO public.question ("id", "user_id", "type", "content", "explanation", "metadata", "created_at", "updated_at") VALUES (9, 15, 'single_choice', 'Which of the following is the correct past tense form of the verb ''eat''?', 'The correct past tense form of ''eat'' is ''ate''.', '{"options":[{"id":"a","text":"ate"},{"id":"b","text":"eat"},{"id":"c","text":"eated"},{"id":"d","text":"eated"}],"correctAnswers":["a"]}'::jsonb, '2026-02-28 08:23:13.000+00', '2026-03-13 15:37:18.000+00');
INSERT INTO public.question ("id", "user_id", "type", "content", "explanation", "metadata", "created_at", "updated_at") VALUES (10, 7, 'ordering', 'Arrange the steps of making a cup of tea in the correct order.', 'The correct order is to boil water, add tea leaves, steep for a few minutes, and then strain the tea before adding milk and sugar.', '{"items":[{"text":"Boil water","order_id":1},{"text":"Add tea leaves","order_id":2},{"text":"Steep for a few minutes","order_id":3},{"text":"Strain the tea","order_id":4},{"text":"Add milk and sugar","order_id":5}]}'::jsonb, '2026-02-20 03:34:53.000+00', '2026-03-06 09:53:35.000+00');
INSERT INTO public.question ("id", "user_id", "type", "content", "explanation", "metadata", "created_at", "updated_at") VALUES (11, 8, 'true_false', 'Is the sentence ''She sells seashells by the seashore'' an example of alliteration?', 'Alliteration is the repetition of the same sound at the beginning of words in a phrase or sentence. In ''She sells seashells by the seashore'', the ''s'' sound is repeated at the beginning of multiple words.', '{"correctAnswer":true}'::jsonb, '2026-02-09 07:35:39.000+00', '2026-03-06 07:10:00.000+00');
INSERT INTO public.question ("id", "user_id", "type", "content", "explanation", "metadata", "created_at", "updated_at") VALUES (12, 7, 'matching', 'Match the following English phrasal verbs with their meanings.', 'Phrasal verbs are composed of a verb and a particle (preposition or adverb), and their meanings are often different from the literal meanings of their components.', '{"pairs":[{"id":1,"left":"look up","right":"find information in a book or on the internet"},{"id":2,"left":"take off","right":"start flying or become successful quickly"},{"id":3,"left":"put off","right":"postpone or delay"},{"id":4,"left":"give up","right":"stop trying or stop having a belief"},{"id":5,"left":"look down on","right":"consider someone or something as inferior"}]}'::jsonb, '2026-02-27 01:07:38.000+00', '2026-03-14 01:27:41.000+00');
INSERT INTO public.question ("id", "user_id", "type", "content", "explanation", "metadata", "created_at", "updated_at") VALUES (13, 11, 'multiple_choice', 'Which of the following is the correct past tense form of the verb ''eat''?', 'The correct past tense form of ''eat'' is ''ate''.', '{"options":[{"id":"a","text":"ate"},{"id":"b","text":"eat"},{"id":"c","text":"eaten"},{"id":"d","text":"eats"}],"correctAnswers":["a"]}'::jsonb, '2026-03-06 05:37:20.000+00', '2026-03-12 10:28:48.000+00');
INSERT INTO public.question ("id", "user_id", "type", "content", "explanation", "metadata", "created_at", "updated_at") VALUES (14, 4, 'multiple_choice', 'Which verb form is correct in the sentence: ''She ________ (go/went) to the store yesterday.''?', 'The correct verb form is ''went'' because the sentence refers to a past action.', '{"options":[{"id":"a","text":"go"},{"id":"b","text":"went"}],"correctAnswers":["b"]}'::jsonb, '2026-02-26 14:51:57.000+00', '2026-03-10 03:39:36.000+00');
INSERT INTO public.question ("id", "user_id", "type", "content", "explanation", "metadata", "created_at", "updated_at") VALUES (15, 15, 'true_false', 'The word ''definitely'' is an adverb that means ''certainly'' or ''without doubt''.', 'The word ''definitely'' is used to express certainty or strong confirmation, which is why it is classified as an adverb.', '{"correctAnswer":true}'::jsonb, '2026-02-22 06:09:54.000+00', '2026-03-07 03:02:51.000+00');
INSERT INTO public.question ("id", "user_id", "type", "content", "explanation", "metadata", "created_at", "updated_at") VALUES (16, 9, 'multiple_choice', 'Which sentence correctly uses the past simple tense?', 'The past simple tense is used to describe completed actions in the past. Option A describes an action that is completed, making it correct.', '{"options":[{"id":"a","text":"I went to the store yesterday."},{"id":"b","text":"I go to the store every day."},{"id":"c","text":"I am going to the store now."},{"id":"d","text":"I will go to the store later."}],"correctAnswers":["a"]}'::jsonb, '2026-02-15 09:58:31.000+00', '2026-03-05 08:54:53.000+00');
INSERT INTO public.question ("id", "user_id", "type", "content", "explanation", "metadata", "created_at", "updated_at") VALUES (17, 5, 'multiple_choice', 'Which sentence uses a correct past tense form of the verb ''write''?', 'The past tense of ''write'' is ''wrote''.', '{"options":[{"id":"a","text":"I wrote a letter yesterday."},{"id":"b","text":"I written a letter yesterday."},{"id":"c","text":"I write a letter yesterday."}],"correctAnswers":["a"]}'::jsonb, '2026-01-22 06:42:32.000+00', '2026-03-10 05:22:20.000+00');
INSERT INTO public.question ("id", "user_id", "type", "content", "explanation", "metadata", "created_at", "updated_at") VALUES (18, 14, 'matching', 'Match the correct prepositions with the sentences below.', 'Prepositions are used to describe the relationship between a noun or pronoun and other words in a sentence.', '{"pairs":[{"id":1,"left":"He is standing","right":"on the platform"},{"id":2,"left":"The book is lying","right":"on the table"},{"id":3,"left":"She is looking","right":"at the sky"},{"id":4,"left":"They are running","right":"through the forest"},{"id":5,"left":"The dog is sitting","right":"next to the tree"}]}'::jsonb, '2026-01-25 04:35:29.000+00', '2026-03-09 11:34:24.000+00');
INSERT INTO public.question ("id", "user_id", "type", "content", "explanation", "metadata", "created_at", "updated_at") VALUES (19, 5, 'flashcard', 'What is the past tense form of the verb ''to go''?', 'The past tense form of ''to go'' is ''went''.', '{"flashcard":{"front":"to go (past tense)","back":"went"}}'::jsonb, '2026-02-21 01:09:02.000+00', '2026-03-17 06:45:31.000+00');
INSERT INTO public.question ("id", "user_id", "type", "content", "explanation", "metadata", "created_at", "updated_at") VALUES (20, 7, 'ordering', 'Arrange the steps of making a cup of tea in the correct order.', 'The correct order is to boil water, add tea leaves, wait for a few minutes, then add milk and sugar to taste.', '{"ordering":[{"text":"Boil water","order_id":1},{"text":"Add tea leaves to the cup","order_id":2},{"text":"Wait for 3-5 minutes","order_id":3},{"text":"Add milk and sugar to taste","order_id":4}]}'::jsonb, '2026-01-18 11:26:20.000+00', '2026-03-04 05:35:15.000+00');
INSERT INTO public.question ("id", "user_id", "type", "content", "explanation", "metadata", "created_at", "updated_at") VALUES (21, 13, 'multiple_choice', 'Which of the following is the correct past tense form of the verb ''to go''?', 'The correct answer is ''went'' because it is the standard past tense form of ''to go''.', '{"options":[{"id":"a","text":"goed"},{"id":"b","text":"gone"},{"id":"c","text":"went"},{"id":"d","text":"going"}],"correctAnswers":["c"]}'::jsonb, '2026-02-24 02:56:02.000+00', '2026-03-04 09:03:37.000+00');
INSERT INTO public.question ("id", "user_id", "type", "content", "explanation", "metadata", "created_at", "updated_at") VALUES (22, 4, 'flashcard', 'What is the past tense form of the verb ''to go''?', 'The past tense form of ''to go'' is ''went''.', '{"flashcard":{"front":"went","back":"past tense of ''to go''"}}'::jsonb, '2026-01-27 04:58:27.000+00', '2026-03-11 01:23:03.000+00');
INSERT INTO public.question ("id", "user_id", "type", "content", "explanation", "metadata", "created_at", "updated_at") VALUES (23, 8, 'fill_blank', 'The __________ of the sentence is the part that expresses the main action or state of the sentence.', 'The predicate of the sentence is the part that expresses the main action or state of the sentence. It includes the verb and its complements.', '{"answers":["predicate"],"keywords":["sentence","main","action","state"]}'::jsonb, '2026-02-22 01:57:45.000+00', '2026-03-15 02:11:41.000+00');
INSERT INTO public.question ("id", "user_id", "type", "content", "explanation", "metadata", "created_at", "updated_at") VALUES (24, 15, 'true_false', 'The word ''disinterested'' means the same as ''uninterested''.', 'The term ''disinterested'' actually means impartial or unbiased, while ''uninterested'' means lacking interest.', '{"correctAnswer":false}'::jsonb, '2026-01-26 14:14:42.000+00', '2026-03-09 13:12:00.000+00');
INSERT INTO public.question ("id", "user_id", "type", "content", "explanation", "metadata", "created_at", "updated_at") VALUES (25, 14, 'true_false', 'The verb ''to be'' is only used in the present tense.', 'The verb ''to be'' is not limited to the present tense. It is also used in other tenses like past (was/were) and future (will be).', '{"correctAnswer":false}'::jsonb, '2026-01-22 04:08:00.000+00', '2026-02-27 11:37:05.000+00');

-- question_tag
INSERT INTO public.question_tag ("question_id", "tag_id") VALUES (1, 9);
INSERT INTO public.question_tag ("question_id", "tag_id") VALUES (1, 3);
INSERT INTO public.question_tag ("question_id", "tag_id") VALUES (2, 9);
INSERT INTO public.question_tag ("question_id", "tag_id") VALUES (2, 4);
INSERT INTO public.question_tag ("question_id", "tag_id") VALUES (2, 20);
INSERT INTO public.question_tag ("question_id", "tag_id") VALUES (3, 20);
INSERT INTO public.question_tag ("question_id", "tag_id") VALUES (3, 10);
INSERT INTO public.question_tag ("question_id", "tag_id") VALUES (3, 3);
INSERT INTO public.question_tag ("question_id", "tag_id") VALUES (4, 5);
INSERT INTO public.question_tag ("question_id", "tag_id") VALUES (4, 1);
INSERT INTO public.question_tag ("question_id", "tag_id") VALUES (5, 8);
INSERT INTO public.question_tag ("question_id", "tag_id") VALUES (5, 16);
INSERT INTO public.question_tag ("question_id", "tag_id") VALUES (5, 4);
INSERT INTO public.question_tag ("question_id", "tag_id") VALUES (6, 20);
INSERT INTO public.question_tag ("question_id", "tag_id") VALUES (6, 2);
INSERT INTO public.question_tag ("question_id", "tag_id") VALUES (7, 19);
INSERT INTO public.question_tag ("question_id", "tag_id") VALUES (7, 3);
INSERT INTO public.question_tag ("question_id", "tag_id") VALUES (7, 5);
INSERT INTO public.question_tag ("question_id", "tag_id") VALUES (8, 18);
INSERT INTO public.question_tag ("question_id", "tag_id") VALUES (8, 16);
INSERT INTO public.question_tag ("question_id", "tag_id") VALUES (8, 20);
INSERT INTO public.question_tag ("question_id", "tag_id") VALUES (9, 5);
INSERT INTO public.question_tag ("question_id", "tag_id") VALUES (9, 14);
INSERT INTO public.question_tag ("question_id", "tag_id") VALUES (9, 16);
INSERT INTO public.question_tag ("question_id", "tag_id") VALUES (10, 14);
INSERT INTO public.question_tag ("question_id", "tag_id") VALUES (10, 1);
INSERT INTO public.question_tag ("question_id", "tag_id") VALUES (10, 19);
INSERT INTO public.question_tag ("question_id", "tag_id") VALUES (11, 14);
INSERT INTO public.question_tag ("question_id", "tag_id") VALUES (11, 5);
INSERT INTO public.question_tag ("question_id", "tag_id") VALUES (12, 3);
INSERT INTO public.question_tag ("question_id", "tag_id") VALUES (13, 14);
INSERT INTO public.question_tag ("question_id", "tag_id") VALUES (13, 5);
INSERT INTO public.question_tag ("question_id", "tag_id") VALUES (14, 3);
INSERT INTO public.question_tag ("question_id", "tag_id") VALUES (14, 1);
INSERT INTO public.question_tag ("question_id", "tag_id") VALUES (14, 6);
INSERT INTO public.question_tag ("question_id", "tag_id") VALUES (15, 19);
INSERT INTO public.question_tag ("question_id", "tag_id") VALUES (15, 7);
INSERT INTO public.question_tag ("question_id", "tag_id") VALUES (16, 9);
INSERT INTO public.question_tag ("question_id", "tag_id") VALUES (16, 1);
INSERT INTO public.question_tag ("question_id", "tag_id") VALUES (17, 5);
INSERT INTO public.question_tag ("question_id", "tag_id") VALUES (18, 2);
INSERT INTO public.question_tag ("question_id", "tag_id") VALUES (18, 19);
INSERT INTO public.question_tag ("question_id", "tag_id") VALUES (19, 17);
INSERT INTO public.question_tag ("question_id", "tag_id") VALUES (20, 11);
INSERT INTO public.question_tag ("question_id", "tag_id") VALUES (20, 13);
INSERT INTO public.question_tag ("question_id", "tag_id") VALUES (20, 5);
INSERT INTO public.question_tag ("question_id", "tag_id") VALUES (21, 19);
INSERT INTO public.question_tag ("question_id", "tag_id") VALUES (22, 6);
INSERT INTO public.question_tag ("question_id", "tag_id") VALUES (22, 12);
INSERT INTO public.question_tag ("question_id", "tag_id") VALUES (23, 10);
INSERT INTO public.question_tag ("question_id", "tag_id") VALUES (23, 11);
INSERT INTO public.question_tag ("question_id", "tag_id") VALUES (23, 7);
INSERT INTO public.question_tag ("question_id", "tag_id") VALUES (24, 16);
INSERT INTO public.question_tag ("question_id", "tag_id") VALUES (24, 14);
INSERT INTO public.question_tag ("question_id", "tag_id") VALUES (24, 13);
INSERT INTO public.question_tag ("question_id", "tag_id") VALUES (25, 3);

-- quiz
INSERT INTO public.quiz ("id", "user_id", "title", "description", "visibility", "disabled", "note_id", "created_at", "updated_at") VALUES (1, 12, '"The Linguistic Labyrinth: A Journey Through English Learning"', 'Welcome to "The Linguistic Labyrinth: A Journey Through English Learning," a thrilling quiz that guides you through the intricate twists and turns of the English language. From vocabulary and grammar to idioms and cultural nuances, this quiz offers a comprehensive exploration of English, challenging your knowledge and enhancing your linguistic skills. Embark on this enlightening journey and discover the beauty and complexity of the English language.', 'private', FALSE, NULL, '2026-02-13 02:09:26.000+00', '2026-03-09 07:04:06.000+00');
INSERT INTO public.quiz ("id", "user_id", "title", "description", "visibility", "disabled", "note_id", "created_at", "updated_at") VALUES (2, 15, '"The Great English Adventure: Test Your Knowledge!"', 'Embark on "The Great English Adventure: Test Your Knowledge!" where you''ll explore the rich tapestry of the English language through an exciting quiz filled with vocabulary, grammar, idioms, and cultural insights. Challenge yourself with multiple-choice questions, fill-in-the-blanks, and even interactive scenarios. Perfect for language enthusiasts at all levels, this quiz promises a fun and engaging way to enhance your English skills and gain a deeper understanding of the language''s nuances.', 'private', FALSE, NULL, '2026-02-28 07:06:47.000+00', '2026-03-12 03:54:56.000+00');
INSERT INTO public.quiz ("id", "user_id", "title", "description", "visibility", "disabled", "note_id", "created_at", "updated_at") VALUES (3, 10, '"English Adventures: Test Your Knowledge with Trivia Treks"', 'Embark on a thrilling journey through the English language with "English Adventures: Test Your Knowledge with Trivia Treks". Dive into a series of captivating quizzes that explore the richness of vocabulary, the nuances of grammar, and the cultural significance of idioms. Each trivia trek is designed to challenge your linguistic skills and expand your understanding of the English language. From word origins to sentence structures, these quizzes offer a fun and educational experience for language enthusiasts at all levels.', 'private', FALSE, NULL, '2026-03-09 03:39:55.000+00', '2026-03-15 15:10:54.000+00');
INSERT INTO public.quiz ("id", "user_id", "title", "description", "visibility", "disabled", "note_id", "created_at", "updated_at") VALUES (4, 7, '"The Great English Adventure: Quiz Your Knowledge!"', 'Embark on "The Great English Adventure: Quiz Your Knowledge!" and put your linguistic skills to the test. This interactive quiz takes you on a journey through the English language, from basic grammar and vocabulary to advanced idioms and literature references. Test your understanding of tenses, prepositions, and spelling, and challenge yourself with questions on famous authors and literary works. Perfect for language enthusiasts and learners alike, this quiz is designed to make learning English fun and engaging.', 'private', FALSE, NULL, '2026-02-24 15:45:27.000+00', '2026-03-19 03:05:48.000+00');
INSERT INTO public.quiz ("id", "user_id", "title", "description", "visibility", "disabled", "note_id", "created_at", "updated_at") VALUES (5, 9, '"English Adventures: A Journey Through Language Learning"', '"English Adventures: A Journey Through Language Learning" is an engaging quiz designed to take learners on a captivating voyage through the English language. From exploring the origins of words and idioms to mastering grammar and vocabulary, this quiz offers a fun and interactive way to enhance language skills. Perfect for both beginners and advanced learners, it combines quizzes, puzzles, and games to make the learning process enjoyable and memorable.', 'public', FALSE, NULL, '2026-02-13 08:39:43.000+00', '2026-03-10 03:47:25.000+00');
INSERT INTO public.quiz ("id", "user_id", "title", "description", "visibility", "disabled", "note_id", "created_at", "updated_at") VALUES (6, 9, '"English Adventures: Test Your Skills and Unlock New Worlds"', 'Embark on an exciting journey through the English language with "English Adventures: Test Your Skills and Unlock New Worlds." This interactive quiz challenges you to explore various linguistic landscapes, from grammar and vocabulary to idioms and pronunciation. Each correct answer reveals a new adventure, expanding your language skills and knowledge while making learning fun and engaging. Dive in and discover a world of English possibilities!', 'private', FALSE, NULL, '2026-03-10 07:09:53.000+00', '2026-03-09 09:57:16.000+00');
INSERT INTO public.quiz ("id", "user_id", "title", "description", "visibility", "disabled", "note_id", "created_at", "updated_at") VALUES (7, 4, '"English Adventures: A Journey Through Language Learning"', 'Explore the enchanting world of English with "English Adventures: A Journey Through Language Learning." Embark on a thrilling quest to master new vocabulary, grammar, and idioms. From the bustling streets of London to the serene beaches of California, each level presents unique challenges and rewards, making your learning experience both fun and educational. Perfect for language enthusiasts at all levels, this quiz takes you on a vibrant adventure through the English language.', 'private', FALSE, 2, '2026-02-22 03:59:57.000+00', '2026-03-14 05:27:27.000+00');
INSERT INTO public.quiz ("id", "user_id", "title", "description", "visibility", "disabled", "note_id", "created_at", "updated_at") VALUES (8, 5, '"English Adventures: Test Your Language Skills!"', 'Welcome to "English Adventures: Test Your Language Skills!" Dive into an exciting journey where you''ll explore various aspects of the English language, from grammar and vocabulary to idioms and sentence structure. Each quiz question is designed to challenge and enhance your understanding of English in a fun and engaging way. Perfect for language learners at all levels, this quiz will take you on a linguistic adventure, testing your knowledge and helping you improve your skills. Ready to embark on this exciting journey? Let''s begin!', 'public', FALSE, 12, '2026-03-12 08:04:10.000+00', '2026-03-09 07:32:39.000+00');
INSERT INTO public.quiz ("id", "user_id", "title", "description", "visibility", "disabled", "note_id", "created_at", "updated_at") VALUES (9, 15, '"English Adventures: Journey Through Language Learning"', 'Explore the enchanting world of English with "English Adventures: Journey Through Language Learning," a captivating quiz that takes you on a thrilling expedition through the intricacies of the English language. From mastering vocabulary and grammar to improving your listening and speaking skills, this quiz is designed to be both educational and entertaining. Embark on this journey and discover the joy of language learning with each question and challenge.', 'private', FALSE, NULL, '2026-02-27 01:17:07.000+00', '2026-03-09 12:45:30.000+00');
INSERT INTO public.quiz ("id", "user_id", "title", "description", "visibility", "disabled", "note_id", "created_at", "updated_at") VALUES (10, 5, '"English Adventures: A Journey Through Language Learning"', 'English Adventures: A Journey Through Language Learning is an engaging quiz designed to take you on a thrilling voyage through the English language. From exploring the origins of words and idioms to mastering grammar rules and vocabulary, this quiz offers a comprehensive and interactive learning experience. Ideal for language enthusiasts and students alike, it promises to make your journey through the intricacies of English both enjoyable and enlightening.', 'public', FALSE, NULL, '2026-03-10 15:56:02.000+00', '2026-03-16 14:32:13.000+00');

-- quiz_tag
INSERT INTO public.quiz_tag ("quiz_id", "tag_id") VALUES (1, 18);
INSERT INTO public.quiz_tag ("quiz_id", "tag_id") VALUES (2, 19);
INSERT INTO public.quiz_tag ("quiz_id", "tag_id") VALUES (3, 17);
INSERT INTO public.quiz_tag ("quiz_id", "tag_id") VALUES (3, 10);
INSERT INTO public.quiz_tag ("quiz_id", "tag_id") VALUES (3, 8);
INSERT INTO public.quiz_tag ("quiz_id", "tag_id") VALUES (4, 8);
INSERT INTO public.quiz_tag ("quiz_id", "tag_id") VALUES (4, 19);
INSERT INTO public.quiz_tag ("quiz_id", "tag_id") VALUES (4, 12);
INSERT INTO public.quiz_tag ("quiz_id", "tag_id") VALUES (5, 3);
INSERT INTO public.quiz_tag ("quiz_id", "tag_id") VALUES (6, 12);
INSERT INTO public.quiz_tag ("quiz_id", "tag_id") VALUES (6, 13);
INSERT INTO public.quiz_tag ("quiz_id", "tag_id") VALUES (7, 5);
INSERT INTO public.quiz_tag ("quiz_id", "tag_id") VALUES (8, 1);
INSERT INTO public.quiz_tag ("quiz_id", "tag_id") VALUES (9, 10);
INSERT INTO public.quiz_tag ("quiz_id", "tag_id") VALUES (9, 20);
INSERT INTO public.quiz_tag ("quiz_id", "tag_id") VALUES (10, 7);

-- quiz_source
INSERT INTO public.quiz_source ("quiz_id", "source_id") VALUES (1, 9);
INSERT INTO public.quiz_source ("quiz_id", "source_id") VALUES (2, 2);
INSERT INTO public.quiz_source ("quiz_id", "source_id") VALUES (3, 6);
INSERT INTO public.quiz_source ("quiz_id", "source_id") VALUES (3, 1);
INSERT INTO public.quiz_source ("quiz_id", "source_id") VALUES (4, 10);
INSERT INTO public.quiz_source ("quiz_id", "source_id") VALUES (5, 7);
INSERT INTO public.quiz_source ("quiz_id", "source_id") VALUES (5, 2);
INSERT INTO public.quiz_source ("quiz_id", "source_id") VALUES (6, 2);
INSERT INTO public.quiz_source ("quiz_id", "source_id") VALUES (7, 5);
INSERT INTO public.quiz_source ("quiz_id", "source_id") VALUES (8, 8);
INSERT INTO public.quiz_source ("quiz_id", "source_id") VALUES (9, 2);
INSERT INTO public.quiz_source ("quiz_id", "source_id") VALUES (9, 11);
INSERT INTO public.quiz_source ("quiz_id", "source_id") VALUES (10, 1);

-- quiz_note
INSERT INTO public.quiz_note ("quiz_id", "note_id") VALUES (7, 2);
INSERT INTO public.quiz_note ("quiz_id", "note_id") VALUES (8, 12);

-- quiz_question
INSERT INTO public.quiz_question ("id", "quiz_id", "original_question_id", "question_snapshot", "display_order", "created_at", "updated_at") VALUES (1, 1, 1, '{"original_question_id":1,"type":"fill_blank","content":"The ___________ of the sentence is the part that expresses the main idea.","explanation":"The predicate of the sentence includes the verb and its complements, expressing the main action or state of the subject.","metadata":{"answers":["predicate"],"keywords":["sentence","main idea"]},"tags":[9,3]}'::jsonb, 1, '2026-03-14 11:23:26.000+00', '2026-03-19 01:11:26.000+00');
INSERT INTO public.quiz_question ("id", "quiz_id", "original_question_id", "question_snapshot", "display_order", "created_at", "updated_at") VALUES (2, 1, 21, '{"original_question_id":21,"type":"multiple_choice","content":"Which of the following is the correct past tense form of the verb ''to go''?","explanation":"The correct answer is ''went'' because it is the standard past tense form of ''to go''.","metadata":{"options":[{"id":"a","text":"goed"},{"id":"b","text":"gone"},{"id":"c","text":"went"},{"id":"d","text":"going"}],"correctAnswers":["c"]},"tags":[19]}'::jsonb, 2, '2026-03-17 15:19:14.000+00', '2026-03-16 01:40:08.000+00');
INSERT INTO public.quiz_question ("id", "quiz_id", "original_question_id", "question_snapshot", "display_order", "created_at", "updated_at") VALUES (3, 1, 6, '{"original_question_id":6,"type":"single_choice","content":"Which of the following words means ''to make something new or different''?","explanation":"The word ''innovate'' means to introduce new ideas, methods, or products, making something new or different.","metadata":{"options":[{"id":"a","text":"innovate"},{"id":"b","text":"interrupt"},{"id":"c","text":"inspire"},{"id":"d","text":"invent"}],"correctAnswers":["a"]},"tags":[20,2]}'::jsonb, 3, '2026-03-17 04:43:39.000+00', '2026-03-14 06:21:29.000+00');
INSERT INTO public.quiz_question ("id", "quiz_id", "original_question_id", "question_snapshot", "display_order", "created_at", "updated_at") VALUES (4, 1, 20, '{"original_question_id":20,"type":"ordering","content":"Arrange the steps of making a cup of tea in the correct order.","explanation":"The correct order is to boil water, add tea leaves, wait for a few minutes, then add milk and sugar to taste.","metadata":{"ordering":[{"text":"Boil water","order_id":1},{"text":"Add tea leaves to the cup","order_id":2},{"text":"Wait for 3-5 minutes","order_id":3},{"text":"Add milk and sugar to taste","order_id":4}]},"tags":[11,13,5]}'::jsonb, 4, '2026-03-17 13:13:06.000+00', '2026-03-19 05:17:34.000+00');
INSERT INTO public.quiz_question ("id", "quiz_id", "original_question_id", "question_snapshot", "display_order", "created_at", "updated_at") VALUES (5, 1, 8, '{"original_question_id":8,"type":"fill_blank","content":"In the sentence ''I have a lot of __________ to do today.'', what is the correct word to fill in the blank?","explanation":"The correct word should be a noun that represents tasks or activities. In this case, ''tasks'' is appropriate.","metadata":{"options":[{"id":"a","text":"tasks"},{"id":"b","text":"books"},{"id":"c","text":"friends"},{"id":"d","text":"dreams"}],"correctAnswers":["a"]},"tags":[18,16,20]}'::jsonb, 5, '2026-03-04 04:13:20.000+00', '2026-03-18 14:22:10.000+00');
INSERT INTO public.quiz_question ("id", "quiz_id", "original_question_id", "question_snapshot", "display_order", "created_at", "updated_at") VALUES (6, 2, 21, '{"original_question_id":21,"type":"multiple_choice","content":"Which of the following is the correct past tense form of the verb ''to go''?","explanation":"The correct answer is ''went'' because it is the standard past tense form of ''to go''.","metadata":{"options":[{"id":"a","text":"goed"},{"id":"b","text":"gone"},{"id":"c","text":"went"},{"id":"d","text":"going"}],"correctAnswers":["c"]},"tags":[19]}'::jsonb, 1, '2026-02-27 08:08:41.000+00', '2026-03-17 04:50:36.000+00');
INSERT INTO public.quiz_question ("id", "quiz_id", "original_question_id", "question_snapshot", "display_order", "created_at", "updated_at") VALUES (7, 2, 3, '{"original_question_id":3,"type":"ordering","content":"Arrange the following steps of the water cycle in the correct order: evaporation, precipitation, condensation, collection.","explanation":"The correct order of the water cycle is evaporation, condensation, precipitation, and collection. This is the natural sequence in which water moves through the environment.","metadata":{"type":"ordering","items":[{"text":"evaporation","order_id":1},{"text":"condensation","order_id":2},{"text":"precipitation","order_id":3},{"text":"collection","order_id":4}]},"tags":[20,10,3]}'::jsonb, 2, '2026-03-16 13:52:28.000+00', '2026-03-16 07:09:09.000+00');
INSERT INTO public.quiz_question ("id", "quiz_id", "original_question_id", "question_snapshot", "display_order", "created_at", "updated_at") VALUES (8, 2, 15, '{"original_question_id":15,"type":"true_false","content":"The word ''definitely'' is an adverb that means ''certainly'' or ''without doubt''.","explanation":"The word ''definitely'' is used to express certainty or strong confirmation, which is why it is classified as an adverb.","metadata":{"correctAnswer":true},"tags":[19,7]}'::jsonb, 3, '2026-03-10 02:35:33.000+00', '2026-03-19 11:18:07.000+00');
INSERT INTO public.quiz_question ("id", "quiz_id", "original_question_id", "question_snapshot", "display_order", "created_at", "updated_at") VALUES (9, 3, 16, '{"original_question_id":16,"type":"multiple_choice","content":"Which sentence correctly uses the past simple tense?","explanation":"The past simple tense is used to describe completed actions in the past. Option A describes an action that is completed, making it correct.","metadata":{"options":[{"id":"a","text":"I went to the store yesterday."},{"id":"b","text":"I go to the store every day."},{"id":"c","text":"I am going to the store now."},{"id":"d","text":"I will go to the store later."}],"correctAnswers":["a"]},"tags":[9,1]}'::jsonb, 1, '2026-03-17 09:00:42.000+00', '2026-03-17 08:57:58.000+00');
INSERT INTO public.quiz_question ("id", "quiz_id", "original_question_id", "question_snapshot", "display_order", "created_at", "updated_at") VALUES (10, 3, 2, '{"original_question_id":2,"type":"matching","content":"Match the English words with their meanings:","explanation":"Select the correct meaning for each word from the list.","metadata":{"pairs":[{"id":1,"left":"Amiable","right":"Friendly and pleasant"},{"id":2,"left":"Cacophony","right":"A harsh, unpleasant sound"},{"id":3,"left":"Furtive","right":"Done in a secretive or stealthy manner"},{"id":4,"left":"Lethargic","right":"Feeling or showing a lack of energy and enthusiasm"},{"id":5,"left":"Vex","right":"Trouble or annoy (someone)"}]},"tags":[9,4,20]}'::jsonb, 2, '2026-03-04 09:11:52.000+00', '2026-03-15 06:40:33.000+00');
INSERT INTO public.quiz_question ("id", "quiz_id", "original_question_id", "question_snapshot", "display_order", "created_at", "updated_at") VALUES (11, 3, 5, '{"original_question_id":5,"type":"matching","content":"Match the following English phrasal verbs with their meanings:","explanation":"The correct matches are based on the common meanings of the phrasal verbs.","metadata":{"type":"matching","pairs":[{"id":1,"left":"break down","right":"to fail or stop working"},{"id":2,"left":"turn down","right":"to refuse or reject"},{"id":3,"left":"hand in","right":"to submit or deliver"},{"id":4,"left":"look up","right":"to search for information"},{"id":5,"left":"take off","right":"to leave or depart"}]},"tags":[8,16,4]}'::jsonb, 3, '2026-03-13 05:29:59.000+00', '2026-03-14 08:32:43.000+00');
INSERT INTO public.quiz_question ("id", "quiz_id", "original_question_id", "question_snapshot", "display_order", "created_at", "updated_at") VALUES (12, 3, 8, '{"original_question_id":8,"type":"fill_blank","content":"In the sentence ''I have a lot of __________ to do today.'', what is the correct word to fill in the blank?","explanation":"The correct word should be a noun that represents tasks or activities. In this case, ''tasks'' is appropriate.","metadata":{"options":[{"id":"a","text":"tasks"},{"id":"b","text":"books"},{"id":"c","text":"friends"},{"id":"d","text":"dreams"}],"correctAnswers":["a"]},"tags":[18,16,20]}'::jsonb, 4, '2026-03-19 02:01:08.000+00', '2026-03-14 08:53:23.000+00');
INSERT INTO public.quiz_question ("id", "quiz_id", "original_question_id", "question_snapshot", "display_order", "created_at", "updated_at") VALUES (13, 3, 14, '{"original_question_id":14,"type":"multiple_choice","content":"Which verb form is correct in the sentence: ''She ________ (go/went) to the store yesterday.''?","explanation":"The correct verb form is ''went'' because the sentence refers to a past action.","metadata":{"options":[{"id":"a","text":"go"},{"id":"b","text":"went"}],"correctAnswers":["b"]},"tags":[3,1,6]}'::jsonb, 5, '2026-03-15 12:00:26.000+00', '2026-03-18 13:28:01.000+00');
INSERT INTO public.quiz_question ("id", "quiz_id", "original_question_id", "question_snapshot", "display_order", "created_at", "updated_at") VALUES (14, 3, 11, '{"original_question_id":11,"type":"true_false","content":"Is the sentence ''She sells seashells by the seashore'' an example of alliteration?","explanation":"Alliteration is the repetition of the same sound at the beginning of words in a phrase or sentence. In ''She sells seashells by the seashore'', the ''s'' sound is repeated at the beginning of multiple words.","metadata":{"correctAnswer":true},"tags":[14,5]}'::jsonb, 6, '2026-03-06 08:15:08.000+00', '2026-03-15 08:41:59.000+00');
INSERT INTO public.quiz_question ("id", "quiz_id", "original_question_id", "question_snapshot", "display_order", "created_at", "updated_at") VALUES (15, 3, 12, '{"original_question_id":12,"type":"matching","content":"Match the following English phrasal verbs with their meanings.","explanation":"Phrasal verbs are composed of a verb and a particle (preposition or adverb), and their meanings are often different from the literal meanings of their components.","metadata":{"pairs":[{"id":1,"left":"look up","right":"find information in a book or on the internet"},{"id":2,"left":"take off","right":"start flying or become successful quickly"},{"id":3,"left":"put off","right":"postpone or delay"},{"id":4,"left":"give up","right":"stop trying or stop having a belief"},{"id":5,"left":"look down on","right":"consider someone or something as inferior"}]},"tags":[3]}'::jsonb, 7, '2026-03-12 13:00:44.000+00', '2026-03-19 14:17:09.000+00');
INSERT INTO public.quiz_question ("id", "quiz_id", "original_question_id", "question_snapshot", "display_order", "created_at", "updated_at") VALUES (16, 4, 18, '{"original_question_id":18,"type":"matching","content":"Match the correct prepositions with the sentences below.","explanation":"Prepositions are used to describe the relationship between a noun or pronoun and other words in a sentence.","metadata":{"pairs":[{"id":1,"left":"He is standing","right":"on the platform"},{"id":2,"left":"The book is lying","right":"on the table"},{"id":3,"left":"She is looking","right":"at the sky"},{"id":4,"left":"They are running","right":"through the forest"},{"id":5,"left":"The dog is sitting","right":"next to the tree"}]},"tags":[2,19]}'::jsonb, 1, '2026-03-12 15:02:19.000+00', '2026-03-18 10:02:53.000+00');
INSERT INTO public.quiz_question ("id", "quiz_id", "original_question_id", "question_snapshot", "display_order", "created_at", "updated_at") VALUES (17, 4, 4, '{"original_question_id":4,"type":"ordering","content":"Arrange the sentences in the correct order to form a coherent paragraph about starting a day.","explanation":"The correct order helps in understanding the sequence of activities typically followed in starting a day.","metadata":{"ordering":{"items":[{"text":"Get out of bed","order_id":1},{"text":"Eat breakfast","order_id":2},{"text":"Take a shower","order_id":3},{"text":"Go to work/school","order_id":4}]}},"tags":[5,1]}'::jsonb, 2, '2026-03-08 08:20:38.000+00', '2026-03-16 14:41:38.000+00');
INSERT INTO public.quiz_question ("id", "quiz_id", "original_question_id", "question_snapshot", "display_order", "created_at", "updated_at") VALUES (18, 4, 15, '{"original_question_id":15,"type":"true_false","content":"The word ''definitely'' is an adverb that means ''certainly'' or ''without doubt''.","explanation":"The word ''definitely'' is used to express certainty or strong confirmation, which is why it is classified as an adverb.","metadata":{"correctAnswer":true},"tags":[19,7]}'::jsonb, 3, '2026-03-09 06:04:29.000+00', '2026-03-15 09:58:50.000+00');
INSERT INTO public.quiz_question ("id", "quiz_id", "original_question_id", "question_snapshot", "display_order", "created_at", "updated_at") VALUES (19, 4, 22, '{"original_question_id":22,"type":"flashcard","content":"What is the past tense form of the verb ''to go''?","explanation":"The past tense form of ''to go'' is ''went''.","metadata":{"flashcard":{"front":"went","back":"past tense of ''to go''"}},"tags":[6,12]}'::jsonb, 4, '2026-03-08 14:43:50.000+00', '2026-03-19 04:39:32.000+00');
INSERT INTO public.quiz_question ("id", "quiz_id", "original_question_id", "question_snapshot", "display_order", "created_at", "updated_at") VALUES (20, 4, 25, '{"original_question_id":25,"type":"true_false","content":"The verb ''to be'' is only used in the present tense.","explanation":"The verb ''to be'' is not limited to the present tense. It is also used in other tenses like past (was/were) and future (will be).","metadata":{"correctAnswer":false},"tags":[3]}'::jsonb, 5, '2026-03-05 07:51:27.000+00', '2026-03-18 07:11:58.000+00');
INSERT INTO public.quiz_question ("id", "quiz_id", "original_question_id", "question_snapshot", "display_order", "created_at", "updated_at") VALUES (21, 4, 6, '{"original_question_id":6,"type":"single_choice","content":"Which of the following words means ''to make something new or different''?","explanation":"The word ''innovate'' means to introduce new ideas, methods, or products, making something new or different.","metadata":{"options":[{"id":"a","text":"innovate"},{"id":"b","text":"interrupt"},{"id":"c","text":"inspire"},{"id":"d","text":"invent"}],"correctAnswers":["a"]},"tags":[20,2]}'::jsonb, 6, '2026-03-19 10:40:41.000+00', '2026-03-14 08:17:12.000+00');
INSERT INTO public.quiz_question ("id", "quiz_id", "original_question_id", "question_snapshot", "display_order", "created_at", "updated_at") VALUES (22, 5, 24, '{"original_question_id":24,"type":"true_false","content":"The word ''disinterested'' means the same as ''uninterested''.","explanation":"The term ''disinterested'' actually means impartial or unbiased, while ''uninterested'' means lacking interest.","metadata":{"correctAnswer":false},"tags":[16,14,13]}'::jsonb, 1, '2026-03-11 14:13:52.000+00', '2026-03-14 04:02:28.000+00');
INSERT INTO public.quiz_question ("id", "quiz_id", "original_question_id", "question_snapshot", "display_order", "created_at", "updated_at") VALUES (23, 5, 22, '{"original_question_id":22,"type":"flashcard","content":"What is the past tense form of the verb ''to go''?","explanation":"The past tense form of ''to go'' is ''went''.","metadata":{"flashcard":{"front":"went","back":"past tense of ''to go''"}},"tags":[6,12]}'::jsonb, 2, '2026-03-17 15:03:16.000+00', '2026-03-16 09:48:59.000+00');
INSERT INTO public.quiz_question ("id", "quiz_id", "original_question_id", "question_snapshot", "display_order", "created_at", "updated_at") VALUES (24, 5, 4, '{"original_question_id":4,"type":"ordering","content":"Arrange the sentences in the correct order to form a coherent paragraph about starting a day.","explanation":"The correct order helps in understanding the sequence of activities typically followed in starting a day.","metadata":{"ordering":{"items":[{"text":"Get out of bed","order_id":1},{"text":"Eat breakfast","order_id":2},{"text":"Take a shower","order_id":3},{"text":"Go to work/school","order_id":4}]}},"tags":[5,1]}'::jsonb, 3, '2026-03-13 09:02:55.000+00', '2026-03-19 11:47:36.000+00');
INSERT INTO public.quiz_question ("id", "quiz_id", "original_question_id", "question_snapshot", "display_order", "created_at", "updated_at") VALUES (25, 6, 11, '{"original_question_id":11,"type":"true_false","content":"Is the sentence ''She sells seashells by the seashore'' an example of alliteration?","explanation":"Alliteration is the repetition of the same sound at the beginning of words in a phrase or sentence. In ''She sells seashells by the seashore'', the ''s'' sound is repeated at the beginning of multiple words.","metadata":{"correctAnswer":true},"tags":[14,5]}'::jsonb, 1, '2026-03-15 03:49:21.000+00', '2026-03-16 10:58:41.000+00');
INSERT INTO public.quiz_question ("id", "quiz_id", "original_question_id", "question_snapshot", "display_order", "created_at", "updated_at") VALUES (26, 6, 12, '{"original_question_id":12,"type":"matching","content":"Match the following English phrasal verbs with their meanings.","explanation":"Phrasal verbs are composed of a verb and a particle (preposition or adverb), and their meanings are often different from the literal meanings of their components.","metadata":{"pairs":[{"id":1,"left":"look up","right":"find information in a book or on the internet"},{"id":2,"left":"take off","right":"start flying or become successful quickly"},{"id":3,"left":"put off","right":"postpone or delay"},{"id":4,"left":"give up","right":"stop trying or stop having a belief"},{"id":5,"left":"look down on","right":"consider someone or something as inferior"}]},"tags":[3]}'::jsonb, 2, '2026-03-19 14:52:34.000+00', '2026-03-15 07:33:32.000+00');
INSERT INTO public.quiz_question ("id", "quiz_id", "original_question_id", "question_snapshot", "display_order", "created_at", "updated_at") VALUES (27, 6, 1, '{"original_question_id":1,"type":"fill_blank","content":"The ___________ of the sentence is the part that expresses the main idea.","explanation":"The predicate of the sentence includes the verb and its complements, expressing the main action or state of the subject.","metadata":{"answers":["predicate"],"keywords":["sentence","main idea"]},"tags":[9,3]}'::jsonb, 3, '2026-03-15 14:23:57.000+00', '2026-03-14 12:58:04.000+00');
INSERT INTO public.quiz_question ("id", "quiz_id", "original_question_id", "question_snapshot", "display_order", "created_at", "updated_at") VALUES (28, 6, 25, '{"original_question_id":25,"type":"true_false","content":"The verb ''to be'' is only used in the present tense.","explanation":"The verb ''to be'' is not limited to the present tense. It is also used in other tenses like past (was/were) and future (will be).","metadata":{"correctAnswer":false},"tags":[3]}'::jsonb, 4, '2026-03-09 03:48:47.000+00', '2026-03-18 13:17:36.000+00');
INSERT INTO public.quiz_question ("id", "quiz_id", "original_question_id", "question_snapshot", "display_order", "created_at", "updated_at") VALUES (29, 6, 14, '{"original_question_id":14,"type":"multiple_choice","content":"Which verb form is correct in the sentence: ''She ________ (go/went) to the store yesterday.''?","explanation":"The correct verb form is ''went'' because the sentence refers to a past action.","metadata":{"options":[{"id":"a","text":"go"},{"id":"b","text":"went"}],"correctAnswers":["b"]},"tags":[3,1,6]}'::jsonb, 5, '2026-03-12 11:55:51.000+00', '2026-03-16 11:39:12.000+00');
INSERT INTO public.quiz_question ("id", "quiz_id", "original_question_id", "question_snapshot", "display_order", "created_at", "updated_at") VALUES (30, 6, 17, '{"original_question_id":17,"type":"multiple_choice","content":"Which sentence uses a correct past tense form of the verb ''write''?","explanation":"The past tense of ''write'' is ''wrote''.","metadata":{"options":[{"id":"a","text":"I wrote a letter yesterday."},{"id":"b","text":"I written a letter yesterday."},{"id":"c","text":"I write a letter yesterday."}],"correctAnswers":["a"]},"tags":[5]}'::jsonb, 6, '2026-03-06 11:54:05.000+00', '2026-03-18 11:39:23.000+00');
INSERT INTO public.quiz_question ("id", "quiz_id", "original_question_id", "question_snapshot", "display_order", "created_at", "updated_at") VALUES (31, 6, 16, '{"original_question_id":16,"type":"multiple_choice","content":"Which sentence correctly uses the past simple tense?","explanation":"The past simple tense is used to describe completed actions in the past. Option A describes an action that is completed, making it correct.","metadata":{"options":[{"id":"a","text":"I went to the store yesterday."},{"id":"b","text":"I go to the store every day."},{"id":"c","text":"I am going to the store now."},{"id":"d","text":"I will go to the store later."}],"correctAnswers":["a"]},"tags":[9,1]}'::jsonb, 7, '2026-03-05 12:03:21.000+00', '2026-03-14 05:06:06.000+00');
INSERT INTO public.quiz_question ("id", "quiz_id", "original_question_id", "question_snapshot", "display_order", "created_at", "updated_at") VALUES (32, 7, 25, '{"original_question_id":25,"type":"true_false","content":"The verb ''to be'' is only used in the present tense.","explanation":"The verb ''to be'' is not limited to the present tense. It is also used in other tenses like past (was/were) and future (will be).","metadata":{"correctAnswer":false},"tags":[3]}'::jsonb, 1, '2026-03-07 06:00:48.000+00', '2026-03-15 10:41:19.000+00');
INSERT INTO public.quiz_question ("id", "quiz_id", "original_question_id", "question_snapshot", "display_order", "created_at", "updated_at") VALUES (33, 7, 6, '{"original_question_id":6,"type":"single_choice","content":"Which of the following words means ''to make something new or different''?","explanation":"The word ''innovate'' means to introduce new ideas, methods, or products, making something new or different.","metadata":{"options":[{"id":"a","text":"innovate"},{"id":"b","text":"interrupt"},{"id":"c","text":"inspire"},{"id":"d","text":"invent"}],"correctAnswers":["a"]},"tags":[20,2]}'::jsonb, 2, '2026-03-14 05:10:50.000+00', '2026-03-16 02:58:25.000+00');
INSERT INTO public.quiz_question ("id", "quiz_id", "original_question_id", "question_snapshot", "display_order", "created_at", "updated_at") VALUES (34, 7, 18, '{"original_question_id":18,"type":"matching","content":"Match the correct prepositions with the sentences below.","explanation":"Prepositions are used to describe the relationship between a noun or pronoun and other words in a sentence.","metadata":{"pairs":[{"id":1,"left":"He is standing","right":"on the platform"},{"id":2,"left":"The book is lying","right":"on the table"},{"id":3,"left":"She is looking","right":"at the sky"},{"id":4,"left":"They are running","right":"through the forest"},{"id":5,"left":"The dog is sitting","right":"next to the tree"}]},"tags":[2,19]}'::jsonb, 3, '2026-03-19 06:05:24.000+00', '2026-03-19 01:25:47.000+00');
INSERT INTO public.quiz_question ("id", "quiz_id", "original_question_id", "question_snapshot", "display_order", "created_at", "updated_at") VALUES (35, 7, 21, '{"original_question_id":21,"type":"multiple_choice","content":"Which of the following is the correct past tense form of the verb ''to go''?","explanation":"The correct answer is ''went'' because it is the standard past tense form of ''to go''.","metadata":{"options":[{"id":"a","text":"goed"},{"id":"b","text":"gone"},{"id":"c","text":"went"},{"id":"d","text":"going"}],"correctAnswers":["c"]},"tags":[19]}'::jsonb, 4, '2026-03-18 15:53:34.000+00', '2026-03-19 01:17:50.000+00');
INSERT INTO public.quiz_question ("id", "quiz_id", "original_question_id", "question_snapshot", "display_order", "created_at", "updated_at") VALUES (36, 7, 7, '{"original_question_id":7,"type":"matching","content":"Match the following English prepositions with their correct meanings:","explanation":"Correct matches will align the prepositions with their appropriate definitions, which is essential for proper sentence construction and comprehension.","metadata":{"pairs":[{"id":1,"left":"in","right":"inside a container or position"},{"id":2,"left":"on","right":"touching the surface of"},{"id":3,"left":"under","right":"below and in contact with"},{"id":4,"left":"over","right":"above and not touching"},{"id":5,"left":"at","right":"indicating a specific place or time"}]},"tags":[19,3,5]}'::jsonb, 5, '2026-03-04 09:19:35.000+00', '2026-03-15 09:50:22.000+00');
INSERT INTO public.quiz_question ("id", "quiz_id", "original_question_id", "question_snapshot", "display_order", "created_at", "updated_at") VALUES (37, 7, 12, '{"original_question_id":12,"type":"matching","content":"Match the following English phrasal verbs with their meanings.","explanation":"Phrasal verbs are composed of a verb and a particle (preposition or adverb), and their meanings are often different from the literal meanings of their components.","metadata":{"pairs":[{"id":1,"left":"look up","right":"find information in a book or on the internet"},{"id":2,"left":"take off","right":"start flying or become successful quickly"},{"id":3,"left":"put off","right":"postpone or delay"},{"id":4,"left":"give up","right":"stop trying or stop having a belief"},{"id":5,"left":"look down on","right":"consider someone or something as inferior"}]},"tags":[3]}'::jsonb, 6, '2026-03-05 05:59:40.000+00', '2026-03-14 10:59:05.000+00');
INSERT INTO public.quiz_question ("id", "quiz_id", "original_question_id", "question_snapshot", "display_order", "created_at", "updated_at") VALUES (38, 8, 19, '{"original_question_id":19,"type":"flashcard","content":"What is the past tense form of the verb ''to go''?","explanation":"The past tense form of ''to go'' is ''went''.","metadata":{"flashcard":{"front":"to go (past tense)","back":"went"}},"tags":[17]}'::jsonb, 1, '2026-02-28 02:08:20.000+00', '2026-03-16 03:28:04.000+00');
INSERT INTO public.quiz_question ("id", "quiz_id", "original_question_id", "question_snapshot", "display_order", "created_at", "updated_at") VALUES (39, 8, 12, '{"original_question_id":12,"type":"matching","content":"Match the following English phrasal verbs with their meanings.","explanation":"Phrasal verbs are composed of a verb and a particle (preposition or adverb), and their meanings are often different from the literal meanings of their components.","metadata":{"pairs":[{"id":1,"left":"look up","right":"find information in a book or on the internet"},{"id":2,"left":"take off","right":"start flying or become successful quickly"},{"id":3,"left":"put off","right":"postpone or delay"},{"id":4,"left":"give up","right":"stop trying or stop having a belief"},{"id":5,"left":"look down on","right":"consider someone or something as inferior"}]},"tags":[3]}'::jsonb, 2, '2026-02-27 09:43:16.000+00', '2026-03-19 13:32:12.000+00');
INSERT INTO public.quiz_question ("id", "quiz_id", "original_question_id", "question_snapshot", "display_order", "created_at", "updated_at") VALUES (40, 8, 10, '{"original_question_id":10,"type":"ordering","content":"Arrange the steps of making a cup of tea in the correct order.","explanation":"The correct order is to boil water, add tea leaves, steep for a few minutes, and then strain the tea before adding milk and sugar.","metadata":{"items":[{"text":"Boil water","order_id":1},{"text":"Add tea leaves","order_id":2},{"text":"Steep for a few minutes","order_id":3},{"text":"Strain the tea","order_id":4},{"text":"Add milk and sugar","order_id":5}]},"tags":[14,1,19]}'::jsonb, 3, '2026-03-19 02:51:39.000+00', '2026-03-17 07:18:25.000+00');
INSERT INTO public.quiz_question ("id", "quiz_id", "original_question_id", "question_snapshot", "display_order", "created_at", "updated_at") VALUES (41, 9, 1, '{"original_question_id":1,"type":"fill_blank","content":"The ___________ of the sentence is the part that expresses the main idea.","explanation":"The predicate of the sentence includes the verb and its complements, expressing the main action or state of the subject.","metadata":{"answers":["predicate"],"keywords":["sentence","main idea"]},"tags":[9,3]}'::jsonb, 1, '2026-03-01 01:14:48.000+00', '2026-03-15 11:12:41.000+00');
INSERT INTO public.quiz_question ("id", "quiz_id", "original_question_id", "question_snapshot", "display_order", "created_at", "updated_at") VALUES (42, 9, 8, '{"original_question_id":8,"type":"fill_blank","content":"In the sentence ''I have a lot of __________ to do today.'', what is the correct word to fill in the blank?","explanation":"The correct word should be a noun that represents tasks or activities. In this case, ''tasks'' is appropriate.","metadata":{"options":[{"id":"a","text":"tasks"},{"id":"b","text":"books"},{"id":"c","text":"friends"},{"id":"d","text":"dreams"}],"correctAnswers":["a"]},"tags":[18,16,20]}'::jsonb, 2, '2026-03-01 07:51:17.000+00', '2026-03-18 11:31:03.000+00');
INSERT INTO public.quiz_question ("id", "quiz_id", "original_question_id", "question_snapshot", "display_order", "created_at", "updated_at") VALUES (43, 9, 17, '{"original_question_id":17,"type":"multiple_choice","content":"Which sentence uses a correct past tense form of the verb ''write''?","explanation":"The past tense of ''write'' is ''wrote''.","metadata":{"options":[{"id":"a","text":"I wrote a letter yesterday."},{"id":"b","text":"I written a letter yesterday."},{"id":"c","text":"I write a letter yesterday."}],"correctAnswers":["a"]},"tags":[5]}'::jsonb, 3, '2026-03-13 13:48:13.000+00', '2026-03-16 15:22:27.000+00');
INSERT INTO public.quiz_question ("id", "quiz_id", "original_question_id", "question_snapshot", "display_order", "created_at", "updated_at") VALUES (44, 9, 15, '{"original_question_id":15,"type":"true_false","content":"The word ''definitely'' is an adverb that means ''certainly'' or ''without doubt''.","explanation":"The word ''definitely'' is used to express certainty or strong confirmation, which is why it is classified as an adverb.","metadata":{"correctAnswer":true},"tags":[19,7]}'::jsonb, 4, '2026-03-09 09:50:47.000+00', '2026-03-15 02:02:44.000+00');
INSERT INTO public.quiz_question ("id", "quiz_id", "original_question_id", "question_snapshot", "display_order", "created_at", "updated_at") VALUES (45, 9, 16, '{"original_question_id":16,"type":"multiple_choice","content":"Which sentence correctly uses the past simple tense?","explanation":"The past simple tense is used to describe completed actions in the past. Option A describes an action that is completed, making it correct.","metadata":{"options":[{"id":"a","text":"I went to the store yesterday."},{"id":"b","text":"I go to the store every day."},{"id":"c","text":"I am going to the store now."},{"id":"d","text":"I will go to the store later."}],"correctAnswers":["a"]},"tags":[9,1]}'::jsonb, 5, '2026-03-04 15:36:09.000+00', '2026-03-18 13:21:42.000+00');
INSERT INTO public.quiz_question ("id", "quiz_id", "original_question_id", "question_snapshot", "display_order", "created_at", "updated_at") VALUES (46, 10, 4, '{"original_question_id":4,"type":"ordering","content":"Arrange the sentences in the correct order to form a coherent paragraph about starting a day.","explanation":"The correct order helps in understanding the sequence of activities typically followed in starting a day.","metadata":{"ordering":{"items":[{"text":"Get out of bed","order_id":1},{"text":"Eat breakfast","order_id":2},{"text":"Take a shower","order_id":3},{"text":"Go to work/school","order_id":4}]}},"tags":[5,1]}'::jsonb, 1, '2026-03-18 14:42:22.000+00', '2026-03-18 15:07:13.000+00');
INSERT INTO public.quiz_question ("id", "quiz_id", "original_question_id", "question_snapshot", "display_order", "created_at", "updated_at") VALUES (47, 10, 8, '{"original_question_id":8,"type":"fill_blank","content":"In the sentence ''I have a lot of __________ to do today.'', what is the correct word to fill in the blank?","explanation":"The correct word should be a noun that represents tasks or activities. In this case, ''tasks'' is appropriate.","metadata":{"options":[{"id":"a","text":"tasks"},{"id":"b","text":"books"},{"id":"c","text":"friends"},{"id":"d","text":"dreams"}],"correctAnswers":["a"]},"tags":[18,16,20]}'::jsonb, 2, '2026-03-13 01:40:14.000+00', '2026-03-15 07:31:10.000+00');
INSERT INTO public.quiz_question ("id", "quiz_id", "original_question_id", "question_snapshot", "display_order", "created_at", "updated_at") VALUES (48, 10, 15, '{"original_question_id":15,"type":"true_false","content":"The word ''definitely'' is an adverb that means ''certainly'' or ''without doubt''.","explanation":"The word ''definitely'' is used to express certainty or strong confirmation, which is why it is classified as an adverb.","metadata":{"correctAnswer":true},"tags":[19,7]}'::jsonb, 3, '2026-03-02 11:51:59.000+00', '2026-03-14 03:16:31.000+00');

-- quiz_attempt
INSERT INTO public.quiz_attempt ("id", "user_id", "quiz_id", "start_time", "end_time", "score", "max_score", "question_count", "status", "created_at", "updated_at") VALUES (1, 9, 1, '2026-03-12 18:27:49.000+00', NULL, NULL, 5, 5, 'in_progress', '2026-03-12 18:27:49.000+00', '2026-03-12 18:39:49.000+00');
INSERT INTO public.quiz_attempt ("id", "user_id", "quiz_id", "start_time", "end_time", "score", "max_score", "question_count", "status", "created_at", "updated_at") VALUES (2, 10, 1, '2026-03-14 02:18:17.000+00', NULL, NULL, 5, 5, 'in_progress', '2026-03-14 02:18:17.000+00', '2026-03-14 02:30:17.000+00');
INSERT INTO public.quiz_attempt ("id", "user_id", "quiz_id", "start_time", "end_time", "score", "max_score", "question_count", "status", "created_at", "updated_at") VALUES (3, 6, 1, '2026-03-09 17:41:53.000+00', NULL, NULL, 5, 5, 'in_progress', '2026-03-09 17:41:53.000+00', '2026-03-09 17:49:53.000+00');
INSERT INTO public.quiz_attempt ("id", "user_id", "quiz_id", "start_time", "end_time", "score", "max_score", "question_count", "status", "created_at", "updated_at") VALUES (4, 14, 2, '2026-03-10 02:04:33.000+00', NULL, NULL, 3, 3, 'in_progress', '2026-03-10 02:04:33.000+00', '2026-03-10 02:20:33.000+00');
INSERT INTO public.quiz_attempt ("id", "user_id", "quiz_id", "start_time", "end_time", "score", "max_score", "question_count", "status", "created_at", "updated_at") VALUES (5, 14, 2, '2026-03-10 06:53:42.000+00', NULL, NULL, 3, 3, 'in_progress', '2026-03-10 06:53:42.000+00', '2026-03-10 07:00:42.000+00');
INSERT INTO public.quiz_attempt ("id", "user_id", "quiz_id", "start_time", "end_time", "score", "max_score", "question_count", "status", "created_at", "updated_at") VALUES (6, 10, 2, '2026-02-19 14:47:14.000+00', NULL, NULL, 3, 3, 'in_progress', '2026-02-19 14:47:14.000+00', '2026-02-19 14:53:14.000+00');
INSERT INTO public.quiz_attempt ("id", "user_id", "quiz_id", "start_time", "end_time", "score", "max_score", "question_count", "status", "created_at", "updated_at") VALUES (7, 6, 3, '2026-03-07 18:59:15.000+00', '2026-03-07 19:08:15.000+00', 4, 7, 7, 'completed', '2026-03-07 18:59:15.000+00', '2026-03-07 19:08:15.000+00');
INSERT INTO public.quiz_attempt ("id", "user_id", "quiz_id", "start_time", "end_time", "score", "max_score", "question_count", "status", "created_at", "updated_at") VALUES (8, 13, 3, '2026-03-02 23:49:45.000+00', '2026-03-03 00:02:45.000+00', 3, 7, 7, 'completed', '2026-03-02 23:49:45.000+00', '2026-03-03 00:02:45.000+00');
INSERT INTO public.quiz_attempt ("id", "user_id", "quiz_id", "start_time", "end_time", "score", "max_score", "question_count", "status", "created_at", "updated_at") VALUES (9, 5, 3, '2026-02-21 18:04:31.000+00', '2026-02-21 18:21:31.000+00', 3, 7, 7, 'completed', '2026-02-21 18:04:31.000+00', '2026-02-21 18:21:31.000+00');
INSERT INTO public.quiz_attempt ("id", "user_id", "quiz_id", "start_time", "end_time", "score", "max_score", "question_count", "status", "created_at", "updated_at") VALUES (10, 13, 4, '2026-03-03 11:03:06.000+00', '2026-03-03 11:12:06.000+00', 3, 6, 6, 'completed', '2026-03-03 11:03:06.000+00', '2026-03-03 11:12:06.000+00');
INSERT INTO public.quiz_attempt ("id", "user_id", "quiz_id", "start_time", "end_time", "score", "max_score", "question_count", "status", "created_at", "updated_at") VALUES (11, 7, 4, '2026-03-07 16:02:11.000+00', '2026-03-07 16:16:11.000+00', 3, 6, 6, 'completed', '2026-03-07 16:02:11.000+00', '2026-03-07 16:16:11.000+00');
INSERT INTO public.quiz_attempt ("id", "user_id", "quiz_id", "start_time", "end_time", "score", "max_score", "question_count", "status", "created_at", "updated_at") VALUES (12, 6, 4, '2026-02-23 21:25:05.000+00', '2026-02-23 21:36:05.000+00', 2, 6, 6, 'completed', '2026-02-23 21:25:05.000+00', '2026-02-23 21:36:05.000+00');
INSERT INTO public.quiz_attempt ("id", "user_id", "quiz_id", "start_time", "end_time", "score", "max_score", "question_count", "status", "created_at", "updated_at") VALUES (13, 11, 5, '2026-02-21 20:09:38.000+00', NULL, NULL, 3, 3, 'in_progress', '2026-02-21 20:09:38.000+00', '2026-02-21 20:17:38.000+00');
INSERT INTO public.quiz_attempt ("id", "user_id", "quiz_id", "start_time", "end_time", "score", "max_score", "question_count", "status", "created_at", "updated_at") VALUES (14, 5, 5, '2026-03-09 13:12:58.000+00', '2026-03-09 13:31:58.000+00', 1, 3, 3, 'completed', '2026-03-09 13:12:58.000+00', '2026-03-09 13:31:58.000+00');
INSERT INTO public.quiz_attempt ("id", "user_id", "quiz_id", "start_time", "end_time", "score", "max_score", "question_count", "status", "created_at", "updated_at") VALUES (15, 3, 5, '2026-03-16 19:57:07.000+00', NULL, NULL, 3, 3, 'in_progress', '2026-03-16 19:57:07.000+00', '2026-03-16 20:05:07.000+00');
INSERT INTO public.quiz_attempt ("id", "user_id", "quiz_id", "start_time", "end_time", "score", "max_score", "question_count", "status", "created_at", "updated_at") VALUES (16, 14, 6, '2026-03-02 19:39:38.000+00', NULL, NULL, 7, 7, 'in_progress', '2026-03-02 19:39:38.000+00', '2026-03-02 19:58:38.000+00');
INSERT INTO public.quiz_attempt ("id", "user_id", "quiz_id", "start_time", "end_time", "score", "max_score", "question_count", "status", "created_at", "updated_at") VALUES (17, 3, 6, '2026-02-28 20:19:42.000+00', '2026-02-28 20:28:42.000+00', 4, 7, 7, 'completed', '2026-02-28 20:19:42.000+00', '2026-02-28 20:28:42.000+00');
INSERT INTO public.quiz_attempt ("id", "user_id", "quiz_id", "start_time", "end_time", "score", "max_score", "question_count", "status", "created_at", "updated_at") VALUES (18, 6, 6, '2026-03-18 16:44:36.000+00', NULL, NULL, 7, 7, 'in_progress', '2026-03-18 16:44:36.000+00', '2026-03-18 16:58:36.000+00');
INSERT INTO public.quiz_attempt ("id", "user_id", "quiz_id", "start_time", "end_time", "score", "max_score", "question_count", "status", "created_at", "updated_at") VALUES (19, 5, 7, '2026-02-28 12:56:58.000+00', '2026-02-28 13:04:58.000+00', 5, 6, 6, 'completed', '2026-02-28 12:56:58.000+00', '2026-02-28 13:04:58.000+00');
INSERT INTO public.quiz_attempt ("id", "user_id", "quiz_id", "start_time", "end_time", "score", "max_score", "question_count", "status", "created_at", "updated_at") VALUES (20, 15, 7, '2026-03-06 19:45:08.000+00', '2026-03-06 19:47:08.000+00', 3, 6, 6, 'completed', '2026-03-06 19:45:08.000+00', '2026-03-06 19:47:08.000+00');
INSERT INTO public.quiz_attempt ("id", "user_id", "quiz_id", "start_time", "end_time", "score", "max_score", "question_count", "status", "created_at", "updated_at") VALUES (21, 11, 7, '2026-02-17 01:45:33.000+00', NULL, NULL, 6, 6, 'in_progress', '2026-02-17 01:45:33.000+00', '2026-02-17 01:54:33.000+00');
INSERT INTO public.quiz_attempt ("id", "user_id", "quiz_id", "start_time", "end_time", "score", "max_score", "question_count", "status", "created_at", "updated_at") VALUES (22, 6, 8, '2026-02-25 15:27:31.000+00', NULL, NULL, 3, 3, 'in_progress', '2026-02-25 15:27:31.000+00', '2026-02-25 15:43:31.000+00');
INSERT INTO public.quiz_attempt ("id", "user_id", "quiz_id", "start_time", "end_time", "score", "max_score", "question_count", "status", "created_at", "updated_at") VALUES (23, 11, 8, '2026-03-03 02:50:43.000+00', NULL, NULL, 3, 3, 'in_progress', '2026-03-03 02:50:43.000+00', '2026-03-03 02:57:43.000+00');
INSERT INTO public.quiz_attempt ("id", "user_id", "quiz_id", "start_time", "end_time", "score", "max_score", "question_count", "status", "created_at", "updated_at") VALUES (24, 10, 8, '2026-03-01 17:22:15.000+00', NULL, NULL, 3, 3, 'in_progress', '2026-03-01 17:22:15.000+00', '2026-03-01 17:24:15.000+00');
INSERT INTO public.quiz_attempt ("id", "user_id", "quiz_id", "start_time", "end_time", "score", "max_score", "question_count", "status", "created_at", "updated_at") VALUES (25, 8, 9, '2026-03-12 11:51:53.000+00', '2026-03-12 11:57:53.000+00', 2, 5, 5, 'completed', '2026-03-12 11:51:53.000+00', '2026-03-12 11:57:53.000+00');
INSERT INTO public.quiz_attempt ("id", "user_id", "quiz_id", "start_time", "end_time", "score", "max_score", "question_count", "status", "created_at", "updated_at") VALUES (26, 10, 9, '2026-02-20 21:29:35.000+00', '2026-02-20 21:46:35.000+00', 3, 5, 5, 'completed', '2026-02-20 21:29:35.000+00', '2026-02-20 21:46:35.000+00');
INSERT INTO public.quiz_attempt ("id", "user_id", "quiz_id", "start_time", "end_time", "score", "max_score", "question_count", "status", "created_at", "updated_at") VALUES (27, 3, 9, '2026-03-12 01:28:52.000+00', NULL, NULL, 5, 5, 'in_progress', '2026-03-12 01:28:52.000+00', '2026-03-12 01:30:52.000+00');
INSERT INTO public.quiz_attempt ("id", "user_id", "quiz_id", "start_time", "end_time", "score", "max_score", "question_count", "status", "created_at", "updated_at") VALUES (28, 8, 10, '2026-03-01 06:48:00.000+00', '2026-03-01 07:06:00.000+00', 1, 3, 3, 'completed', '2026-03-01 06:48:00.000+00', '2026-03-01 07:06:00.000+00');
INSERT INTO public.quiz_attempt ("id", "user_id", "quiz_id", "start_time", "end_time", "score", "max_score", "question_count", "status", "created_at", "updated_at") VALUES (29, 5, 10, '2026-03-06 14:37:54.000+00', NULL, NULL, 3, 3, 'in_progress', '2026-03-06 14:37:54.000+00', '2026-03-06 14:47:54.000+00');
INSERT INTO public.quiz_attempt ("id", "user_id", "quiz_id", "start_time", "end_time", "score", "max_score", "question_count", "status", "created_at", "updated_at") VALUES (30, 10, 10, '2026-02-18 20:07:04.000+00', NULL, NULL, 3, 3, 'in_progress', '2026-02-18 20:07:04.000+00', '2026-02-18 20:18:04.000+00');

-- quiz_attempt_answer
INSERT INTO public.quiz_attempt_answer ("id", "attempt_id", "quiz_question_id", "question_snapshot", "answer_json", "is_correct", "created_at", "updated_at") VALUES (1, 1, 1, '{"original_question_id":1,"type":"fill_blank","content":"The ___________ of the sentence is the part that expresses the main idea.","explanation":"The predicate of the sentence includes the verb and its complements, expressing the main action or state of the subject.","metadata":{"answers":["predicate"],"keywords":["sentence","main idea"]},"tags":[9,3]}'::jsonb, '{"answers":["predicate"]}'::jsonb, NULL, '2026-03-12 18:39:49.000+00', '2026-03-12 18:39:49.000+00');
INSERT INTO public.quiz_attempt_answer ("id", "attempt_id", "quiz_question_id", "question_snapshot", "answer_json", "is_correct", "created_at", "updated_at") VALUES (2, 1, 2, '{"original_question_id":21,"type":"multiple_choice","content":"Which of the following is the correct past tense form of the verb ''to go''?","explanation":"The correct answer is ''went'' because it is the standard past tense form of ''to go''.","metadata":{"options":[{"id":"a","text":"goed"},{"id":"b","text":"gone"},{"id":"c","text":"went"},{"id":"d","text":"going"}],"correctAnswers":["c"]},"tags":[19]}'::jsonb, '{"selected":["c"]}'::jsonb, NULL, '2026-03-12 18:39:49.000+00', '2026-03-12 18:39:49.000+00');
INSERT INTO public.quiz_attempt_answer ("id", "attempt_id", "quiz_question_id", "question_snapshot", "answer_json", "is_correct", "created_at", "updated_at") VALUES (3, 1, 3, '{"original_question_id":6,"type":"single_choice","content":"Which of the following words means ''to make something new or different''?","explanation":"The word ''innovate'' means to introduce new ideas, methods, or products, making something new or different.","metadata":{"options":[{"id":"a","text":"innovate"},{"id":"b","text":"interrupt"},{"id":"c","text":"inspire"},{"id":"d","text":"invent"}],"correctAnswers":["a"]},"tags":[20,2]}'::jsonb, '{"selected":["a"]}'::jsonb, NULL, '2026-03-12 18:39:49.000+00', '2026-03-12 18:39:49.000+00');
INSERT INTO public.quiz_attempt_answer ("id", "attempt_id", "quiz_question_id", "question_snapshot", "answer_json", "is_correct", "created_at", "updated_at") VALUES (4, 1, 4, '{"original_question_id":20,"type":"ordering","content":"Arrange the steps of making a cup of tea in the correct order.","explanation":"The correct order is to boil water, add tea leaves, wait for a few minutes, then add milk and sugar to taste.","metadata":{"ordering":[{"text":"Boil water","order_id":1},{"text":"Add tea leaves to the cup","order_id":2},{"text":"Wait for 3-5 minutes","order_id":3},{"text":"Add milk and sugar to taste","order_id":4}]},"tags":[11,13,5]}'::jsonb, '{"order":[]}'::jsonb, NULL, '2026-03-12 18:39:49.000+00', '2026-03-12 18:39:49.000+00');
INSERT INTO public.quiz_attempt_answer ("id", "attempt_id", "quiz_question_id", "question_snapshot", "answer_json", "is_correct", "created_at", "updated_at") VALUES (5, 1, 5, '{"original_question_id":8,"type":"fill_blank","content":"In the sentence ''I have a lot of __________ to do today.'', what is the correct word to fill in the blank?","explanation":"The correct word should be a noun that represents tasks or activities. In this case, ''tasks'' is appropriate.","metadata":{"options":[{"id":"a","text":"tasks"},{"id":"b","text":"books"},{"id":"c","text":"friends"},{"id":"d","text":"dreams"}],"correctAnswers":["a"]},"tags":[18,16,20]}'::jsonb, '{"answers":["answer"]}'::jsonb, NULL, '2026-03-12 18:39:49.000+00', '2026-03-12 18:39:49.000+00');
INSERT INTO public.quiz_attempt_answer ("id", "attempt_id", "quiz_question_id", "question_snapshot", "answer_json", "is_correct", "created_at", "updated_at") VALUES (6, 2, 1, '{"original_question_id":1,"type":"fill_blank","content":"The ___________ of the sentence is the part that expresses the main idea.","explanation":"The predicate of the sentence includes the verb and its complements, expressing the main action or state of the subject.","metadata":{"answers":["predicate"],"keywords":["sentence","main idea"]},"tags":[9,3]}'::jsonb, '{"answers":["predicate"]}'::jsonb, NULL, '2026-03-14 02:30:17.000+00', '2026-03-14 02:30:17.000+00');
INSERT INTO public.quiz_attempt_answer ("id", "attempt_id", "quiz_question_id", "question_snapshot", "answer_json", "is_correct", "created_at", "updated_at") VALUES (7, 2, 2, '{"original_question_id":21,"type":"multiple_choice","content":"Which of the following is the correct past tense form of the verb ''to go''?","explanation":"The correct answer is ''went'' because it is the standard past tense form of ''to go''.","metadata":{"options":[{"id":"a","text":"goed"},{"id":"b","text":"gone"},{"id":"c","text":"went"},{"id":"d","text":"going"}],"correctAnswers":["c"]},"tags":[19]}'::jsonb, '{"selected":["c"]}'::jsonb, NULL, '2026-03-14 02:30:17.000+00', '2026-03-14 02:30:17.000+00');
INSERT INTO public.quiz_attempt_answer ("id", "attempt_id", "quiz_question_id", "question_snapshot", "answer_json", "is_correct", "created_at", "updated_at") VALUES (8, 2, 3, '{"original_question_id":6,"type":"single_choice","content":"Which of the following words means ''to make something new or different''?","explanation":"The word ''innovate'' means to introduce new ideas, methods, or products, making something new or different.","metadata":{"options":[{"id":"a","text":"innovate"},{"id":"b","text":"interrupt"},{"id":"c","text":"inspire"},{"id":"d","text":"invent"}],"correctAnswers":["a"]},"tags":[20,2]}'::jsonb, '{"selected":["a"]}'::jsonb, NULL, '2026-03-14 02:30:17.000+00', '2026-03-14 02:30:17.000+00');
INSERT INTO public.quiz_attempt_answer ("id", "attempt_id", "quiz_question_id", "question_snapshot", "answer_json", "is_correct", "created_at", "updated_at") VALUES (9, 2, 4, '{"original_question_id":20,"type":"ordering","content":"Arrange the steps of making a cup of tea in the correct order.","explanation":"The correct order is to boil water, add tea leaves, wait for a few minutes, then add milk and sugar to taste.","metadata":{"ordering":[{"text":"Boil water","order_id":1},{"text":"Add tea leaves to the cup","order_id":2},{"text":"Wait for 3-5 minutes","order_id":3},{"text":"Add milk and sugar to taste","order_id":4}]},"tags":[11,13,5]}'::jsonb, '{"order":[]}'::jsonb, NULL, '2026-03-14 02:30:17.000+00', '2026-03-14 02:30:17.000+00');
INSERT INTO public.quiz_attempt_answer ("id", "attempt_id", "quiz_question_id", "question_snapshot", "answer_json", "is_correct", "created_at", "updated_at") VALUES (10, 2, 5, '{"original_question_id":8,"type":"fill_blank","content":"In the sentence ''I have a lot of __________ to do today.'', what is the correct word to fill in the blank?","explanation":"The correct word should be a noun that represents tasks or activities. In this case, ''tasks'' is appropriate.","metadata":{"options":[{"id":"a","text":"tasks"},{"id":"b","text":"books"},{"id":"c","text":"friends"},{"id":"d","text":"dreams"}],"correctAnswers":["a"]},"tags":[18,16,20]}'::jsonb, '{"answers":["answer"]}'::jsonb, NULL, '2026-03-14 02:30:17.000+00', '2026-03-14 02:30:17.000+00');
INSERT INTO public.quiz_attempt_answer ("id", "attempt_id", "quiz_question_id", "question_snapshot", "answer_json", "is_correct", "created_at", "updated_at") VALUES (11, 3, 1, '{"original_question_id":1,"type":"fill_blank","content":"The ___________ of the sentence is the part that expresses the main idea.","explanation":"The predicate of the sentence includes the verb and its complements, expressing the main action or state of the subject.","metadata":{"answers":["predicate"],"keywords":["sentence","main idea"]},"tags":[9,3]}'::jsonb, '{"answers":["predicate"]}'::jsonb, NULL, '2026-03-09 17:49:53.000+00', '2026-03-09 17:49:53.000+00');
INSERT INTO public.quiz_attempt_answer ("id", "attempt_id", "quiz_question_id", "question_snapshot", "answer_json", "is_correct", "created_at", "updated_at") VALUES (12, 3, 2, '{"original_question_id":21,"type":"multiple_choice","content":"Which of the following is the correct past tense form of the verb ''to go''?","explanation":"The correct answer is ''went'' because it is the standard past tense form of ''to go''.","metadata":{"options":[{"id":"a","text":"goed"},{"id":"b","text":"gone"},{"id":"c","text":"went"},{"id":"d","text":"going"}],"correctAnswers":["c"]},"tags":[19]}'::jsonb, '{"selected":["c"]}'::jsonb, NULL, '2026-03-09 17:49:53.000+00', '2026-03-09 17:49:53.000+00');
INSERT INTO public.quiz_attempt_answer ("id", "attempt_id", "quiz_question_id", "question_snapshot", "answer_json", "is_correct", "created_at", "updated_at") VALUES (13, 3, 3, '{"original_question_id":6,"type":"single_choice","content":"Which of the following words means ''to make something new or different''?","explanation":"The word ''innovate'' means to introduce new ideas, methods, or products, making something new or different.","metadata":{"options":[{"id":"a","text":"innovate"},{"id":"b","text":"interrupt"},{"id":"c","text":"inspire"},{"id":"d","text":"invent"}],"correctAnswers":["a"]},"tags":[20,2]}'::jsonb, '{"selected":["a"]}'::jsonb, NULL, '2026-03-09 17:49:53.000+00', '2026-03-09 17:49:53.000+00');
INSERT INTO public.quiz_attempt_answer ("id", "attempt_id", "quiz_question_id", "question_snapshot", "answer_json", "is_correct", "created_at", "updated_at") VALUES (14, 3, 4, '{"original_question_id":20,"type":"ordering","content":"Arrange the steps of making a cup of tea in the correct order.","explanation":"The correct order is to boil water, add tea leaves, wait for a few minutes, then add milk and sugar to taste.","metadata":{"ordering":[{"text":"Boil water","order_id":1},{"text":"Add tea leaves to the cup","order_id":2},{"text":"Wait for 3-5 minutes","order_id":3},{"text":"Add milk and sugar to taste","order_id":4}]},"tags":[11,13,5]}'::jsonb, '{"order":[]}'::jsonb, NULL, '2026-03-09 17:49:53.000+00', '2026-03-09 17:49:53.000+00');
INSERT INTO public.quiz_attempt_answer ("id", "attempt_id", "quiz_question_id", "question_snapshot", "answer_json", "is_correct", "created_at", "updated_at") VALUES (15, 3, 5, '{"original_question_id":8,"type":"fill_blank","content":"In the sentence ''I have a lot of __________ to do today.'', what is the correct word to fill in the blank?","explanation":"The correct word should be a noun that represents tasks or activities. In this case, ''tasks'' is appropriate.","metadata":{"options":[{"id":"a","text":"tasks"},{"id":"b","text":"books"},{"id":"c","text":"friends"},{"id":"d","text":"dreams"}],"correctAnswers":["a"]},"tags":[18,16,20]}'::jsonb, '{"answers":["answer"]}'::jsonb, NULL, '2026-03-09 17:49:53.000+00', '2026-03-09 17:49:53.000+00');
INSERT INTO public.quiz_attempt_answer ("id", "attempt_id", "quiz_question_id", "question_snapshot", "answer_json", "is_correct", "created_at", "updated_at") VALUES (16, 4, 6, '{"original_question_id":21,"type":"multiple_choice","content":"Which of the following is the correct past tense form of the verb ''to go''?","explanation":"The correct answer is ''went'' because it is the standard past tense form of ''to go''.","metadata":{"options":[{"id":"a","text":"goed"},{"id":"b","text":"gone"},{"id":"c","text":"went"},{"id":"d","text":"going"}],"correctAnswers":["c"]},"tags":[19]}'::jsonb, '{"selected":["c"]}'::jsonb, NULL, '2026-03-10 02:20:33.000+00', '2026-03-10 02:20:33.000+00');
INSERT INTO public.quiz_attempt_answer ("id", "attempt_id", "quiz_question_id", "question_snapshot", "answer_json", "is_correct", "created_at", "updated_at") VALUES (17, 4, 7, '{"original_question_id":3,"type":"ordering","content":"Arrange the following steps of the water cycle in the correct order: evaporation, precipitation, condensation, collection.","explanation":"The correct order of the water cycle is evaporation, condensation, precipitation, and collection. This is the natural sequence in which water moves through the environment.","metadata":{"type":"ordering","items":[{"text":"evaporation","order_id":1},{"text":"condensation","order_id":2},{"text":"precipitation","order_id":3},{"text":"collection","order_id":4}]},"tags":[20,10,3]}'::jsonb, '{"order":[1,2,3,4]}'::jsonb, NULL, '2026-03-10 02:20:33.000+00', '2026-03-10 02:20:33.000+00');
INSERT INTO public.quiz_attempt_answer ("id", "attempt_id", "quiz_question_id", "question_snapshot", "answer_json", "is_correct", "created_at", "updated_at") VALUES (18, 4, 8, '{"original_question_id":15,"type":"true_false","content":"The word ''definitely'' is an adverb that means ''certainly'' or ''without doubt''.","explanation":"The word ''definitely'' is used to express certainty or strong confirmation, which is why it is classified as an adverb.","metadata":{"correctAnswer":true},"tags":[19,7]}'::jsonb, '{"answer":false}'::jsonb, NULL, '2026-03-10 02:20:33.000+00', '2026-03-10 02:20:33.000+00');
INSERT INTO public.quiz_attempt_answer ("id", "attempt_id", "quiz_question_id", "question_snapshot", "answer_json", "is_correct", "created_at", "updated_at") VALUES (19, 5, 6, '{"original_question_id":21,"type":"multiple_choice","content":"Which of the following is the correct past tense form of the verb ''to go''?","explanation":"The correct answer is ''went'' because it is the standard past tense form of ''to go''.","metadata":{"options":[{"id":"a","text":"goed"},{"id":"b","text":"gone"},{"id":"c","text":"went"},{"id":"d","text":"going"}],"correctAnswers":["c"]},"tags":[19]}'::jsonb, '{"selected":["c"]}'::jsonb, NULL, '2026-03-10 07:00:42.000+00', '2026-03-10 07:00:42.000+00');
INSERT INTO public.quiz_attempt_answer ("id", "attempt_id", "quiz_question_id", "question_snapshot", "answer_json", "is_correct", "created_at", "updated_at") VALUES (20, 5, 7, '{"original_question_id":3,"type":"ordering","content":"Arrange the following steps of the water cycle in the correct order: evaporation, precipitation, condensation, collection.","explanation":"The correct order of the water cycle is evaporation, condensation, precipitation, and collection. This is the natural sequence in which water moves through the environment.","metadata":{"type":"ordering","items":[{"text":"evaporation","order_id":1},{"text":"condensation","order_id":2},{"text":"precipitation","order_id":3},{"text":"collection","order_id":4}]},"tags":[20,10,3]}'::jsonb, '{"order":[1,2,3,4]}'::jsonb, NULL, '2026-03-10 07:00:42.000+00', '2026-03-10 07:00:42.000+00');
INSERT INTO public.quiz_attempt_answer ("id", "attempt_id", "quiz_question_id", "question_snapshot", "answer_json", "is_correct", "created_at", "updated_at") VALUES (21, 5, 8, '{"original_question_id":15,"type":"true_false","content":"The word ''definitely'' is an adverb that means ''certainly'' or ''without doubt''.","explanation":"The word ''definitely'' is used to express certainty or strong confirmation, which is why it is classified as an adverb.","metadata":{"correctAnswer":true},"tags":[19,7]}'::jsonb, '{"answer":false}'::jsonb, NULL, '2026-03-10 07:00:42.000+00', '2026-03-10 07:00:42.000+00');
INSERT INTO public.quiz_attempt_answer ("id", "attempt_id", "quiz_question_id", "question_snapshot", "answer_json", "is_correct", "created_at", "updated_at") VALUES (22, 6, 6, '{"original_question_id":21,"type":"multiple_choice","content":"Which of the following is the correct past tense form of the verb ''to go''?","explanation":"The correct answer is ''went'' because it is the standard past tense form of ''to go''.","metadata":{"options":[{"id":"a","text":"goed"},{"id":"b","text":"gone"},{"id":"c","text":"went"},{"id":"d","text":"going"}],"correctAnswers":["c"]},"tags":[19]}'::jsonb, '{"selected":["c"]}'::jsonb, NULL, '2026-02-19 14:53:14.000+00', '2026-02-19 14:53:14.000+00');
INSERT INTO public.quiz_attempt_answer ("id", "attempt_id", "quiz_question_id", "question_snapshot", "answer_json", "is_correct", "created_at", "updated_at") VALUES (23, 6, 7, '{"original_question_id":3,"type":"ordering","content":"Arrange the following steps of the water cycle in the correct order: evaporation, precipitation, condensation, collection.","explanation":"The correct order of the water cycle is evaporation, condensation, precipitation, and collection. This is the natural sequence in which water moves through the environment.","metadata":{"type":"ordering","items":[{"text":"evaporation","order_id":1},{"text":"condensation","order_id":2},{"text":"precipitation","order_id":3},{"text":"collection","order_id":4}]},"tags":[20,10,3]}'::jsonb, '{"order":[1,2,3,4]}'::jsonb, NULL, '2026-02-19 14:53:14.000+00', '2026-02-19 14:53:14.000+00');
INSERT INTO public.quiz_attempt_answer ("id", "attempt_id", "quiz_question_id", "question_snapshot", "answer_json", "is_correct", "created_at", "updated_at") VALUES (24, 6, 8, '{"original_question_id":15,"type":"true_false","content":"The word ''definitely'' is an adverb that means ''certainly'' or ''without doubt''.","explanation":"The word ''definitely'' is used to express certainty or strong confirmation, which is why it is classified as an adverb.","metadata":{"correctAnswer":true},"tags":[19,7]}'::jsonb, '{"answer":false}'::jsonb, NULL, '2026-02-19 14:53:14.000+00', '2026-02-19 14:53:14.000+00');
INSERT INTO public.quiz_attempt_answer ("id", "attempt_id", "quiz_question_id", "question_snapshot", "answer_json", "is_correct", "created_at", "updated_at") VALUES (25, 7, 9, '{"original_question_id":16,"type":"multiple_choice","content":"Which sentence correctly uses the past simple tense?","explanation":"The past simple tense is used to describe completed actions in the past. Option A describes an action that is completed, making it correct.","metadata":{"options":[{"id":"a","text":"I went to the store yesterday."},{"id":"b","text":"I go to the store every day."},{"id":"c","text":"I am going to the store now."},{"id":"d","text":"I will go to the store later."}],"correctAnswers":["a"]},"tags":[9,1]}'::jsonb, '{"selected":["a"]}'::jsonb, FALSE, '2026-03-07 19:08:15.000+00', '2026-03-07 19:08:15.000+00');
INSERT INTO public.quiz_attempt_answer ("id", "attempt_id", "quiz_question_id", "question_snapshot", "answer_json", "is_correct", "created_at", "updated_at") VALUES (26, 7, 10, '{"original_question_id":2,"type":"matching","content":"Match the English words with their meanings:","explanation":"Select the correct meaning for each word from the list.","metadata":{"pairs":[{"id":1,"left":"Amiable","right":"Friendly and pleasant"},{"id":2,"left":"Cacophony","right":"A harsh, unpleasant sound"},{"id":3,"left":"Furtive","right":"Done in a secretive or stealthy manner"},{"id":4,"left":"Lethargic","right":"Feeling or showing a lack of energy and enthusiasm"},{"id":5,"left":"Vex","right":"Trouble or annoy (someone)"}]},"tags":[9,4,20]}'::jsonb, '{"pairs":[1,2,3,4,5]}'::jsonb, TRUE, '2026-03-07 19:08:15.000+00', '2026-03-07 19:08:15.000+00');
INSERT INTO public.quiz_attempt_answer ("id", "attempt_id", "quiz_question_id", "question_snapshot", "answer_json", "is_correct", "created_at", "updated_at") VALUES (27, 7, 11, '{"original_question_id":5,"type":"matching","content":"Match the following English phrasal verbs with their meanings:","explanation":"The correct matches are based on the common meanings of the phrasal verbs.","metadata":{"type":"matching","pairs":[{"id":1,"left":"break down","right":"to fail or stop working"},{"id":2,"left":"turn down","right":"to refuse or reject"},{"id":3,"left":"hand in","right":"to submit or deliver"},{"id":4,"left":"look up","right":"to search for information"},{"id":5,"left":"take off","right":"to leave or depart"}]},"tags":[8,16,4]}'::jsonb, '{"pairs":[5,4,3,2,1]}'::jsonb, FALSE, '2026-03-07 19:08:15.000+00', '2026-03-07 19:08:15.000+00');
INSERT INTO public.quiz_attempt_answer ("id", "attempt_id", "quiz_question_id", "question_snapshot", "answer_json", "is_correct", "created_at", "updated_at") VALUES (28, 7, 12, '{"original_question_id":8,"type":"fill_blank","content":"In the sentence ''I have a lot of __________ to do today.'', what is the correct word to fill in the blank?","explanation":"The correct word should be a noun that represents tasks or activities. In this case, ''tasks'' is appropriate.","metadata":{"options":[{"id":"a","text":"tasks"},{"id":"b","text":"books"},{"id":"c","text":"friends"},{"id":"d","text":"dreams"}],"correctAnswers":["a"]},"tags":[18,16,20]}'::jsonb, '{"answers":["answer"]}'::jsonb, TRUE, '2026-03-07 19:08:15.000+00', '2026-03-07 19:08:15.000+00');
INSERT INTO public.quiz_attempt_answer ("id", "attempt_id", "quiz_question_id", "question_snapshot", "answer_json", "is_correct", "created_at", "updated_at") VALUES (29, 7, 13, '{"original_question_id":14,"type":"multiple_choice","content":"Which verb form is correct in the sentence: ''She ________ (go/went) to the store yesterday.''?","explanation":"The correct verb form is ''went'' because the sentence refers to a past action.","metadata":{"options":[{"id":"a","text":"go"},{"id":"b","text":"went"}],"correctAnswers":["b"]},"tags":[3,1,6]}'::jsonb, '{"selected":["b"]}'::jsonb, TRUE, '2026-03-07 19:08:15.000+00', '2026-03-07 19:08:15.000+00');
INSERT INTO public.quiz_attempt_answer ("id", "attempt_id", "quiz_question_id", "question_snapshot", "answer_json", "is_correct", "created_at", "updated_at") VALUES (30, 7, 14, '{"original_question_id":11,"type":"true_false","content":"Is the sentence ''She sells seashells by the seashore'' an example of alliteration?","explanation":"Alliteration is the repetition of the same sound at the beginning of words in a phrase or sentence. In ''She sells seashells by the seashore'', the ''s'' sound is repeated at the beginning of multiple words.","metadata":{"correctAnswer":true},"tags":[14,5]}'::jsonb, '{"answer":true}'::jsonb, TRUE, '2026-03-07 19:08:15.000+00', '2026-03-07 19:08:15.000+00');
INSERT INTO public.quiz_attempt_answer ("id", "attempt_id", "quiz_question_id", "question_snapshot", "answer_json", "is_correct", "created_at", "updated_at") VALUES (31, 7, 15, '{"original_question_id":12,"type":"matching","content":"Match the following English phrasal verbs with their meanings.","explanation":"Phrasal verbs are composed of a verb and a particle (preposition or adverb), and their meanings are often different from the literal meanings of their components.","metadata":{"pairs":[{"id":1,"left":"look up","right":"find information in a book or on the internet"},{"id":2,"left":"take off","right":"start flying or become successful quickly"},{"id":3,"left":"put off","right":"postpone or delay"},{"id":4,"left":"give up","right":"stop trying or stop having a belief"},{"id":5,"left":"look down on","right":"consider someone or something as inferior"}]},"tags":[3]}'::jsonb, '{"pairs":[5,4,3,2,1]}'::jsonb, FALSE, '2026-03-07 19:08:15.000+00', '2026-03-07 19:08:15.000+00');
INSERT INTO public.quiz_attempt_answer ("id", "attempt_id", "quiz_question_id", "question_snapshot", "answer_json", "is_correct", "created_at", "updated_at") VALUES (32, 8, 9, '{"original_question_id":16,"type":"multiple_choice","content":"Which sentence correctly uses the past simple tense?","explanation":"The past simple tense is used to describe completed actions in the past. Option A describes an action that is completed, making it correct.","metadata":{"options":[{"id":"a","text":"I went to the store yesterday."},{"id":"b","text":"I go to the store every day."},{"id":"c","text":"I am going to the store now."},{"id":"d","text":"I will go to the store later."}],"correctAnswers":["a"]},"tags":[9,1]}'::jsonb, '{"selected":["a"]}'::jsonb, FALSE, '2026-03-03 00:02:45.000+00', '2026-03-03 00:02:45.000+00');
INSERT INTO public.quiz_attempt_answer ("id", "attempt_id", "quiz_question_id", "question_snapshot", "answer_json", "is_correct", "created_at", "updated_at") VALUES (33, 8, 10, '{"original_question_id":2,"type":"matching","content":"Match the English words with their meanings:","explanation":"Select the correct meaning for each word from the list.","metadata":{"pairs":[{"id":1,"left":"Amiable","right":"Friendly and pleasant"},{"id":2,"left":"Cacophony","right":"A harsh, unpleasant sound"},{"id":3,"left":"Furtive","right":"Done in a secretive or stealthy manner"},{"id":4,"left":"Lethargic","right":"Feeling or showing a lack of energy and enthusiasm"},{"id":5,"left":"Vex","right":"Trouble or annoy (someone)"}]},"tags":[9,4,20]}'::jsonb, '{"pairs":[5,4,3,2,1]}'::jsonb, FALSE, '2026-03-03 00:02:45.000+00', '2026-03-03 00:02:45.000+00');
INSERT INTO public.quiz_attempt_answer ("id", "attempt_id", "quiz_question_id", "question_snapshot", "answer_json", "is_correct", "created_at", "updated_at") VALUES (34, 8, 11, '{"original_question_id":5,"type":"matching","content":"Match the following English phrasal verbs with their meanings:","explanation":"The correct matches are based on the common meanings of the phrasal verbs.","metadata":{"type":"matching","pairs":[{"id":1,"left":"break down","right":"to fail or stop working"},{"id":2,"left":"turn down","right":"to refuse or reject"},{"id":3,"left":"hand in","right":"to submit or deliver"},{"id":4,"left":"look up","right":"to search for information"},{"id":5,"left":"take off","right":"to leave or depart"}]},"tags":[8,16,4]}'::jsonb, '{"pairs":[5,4,3,2,1]}'::jsonb, TRUE, '2026-03-03 00:02:45.000+00', '2026-03-03 00:02:45.000+00');
INSERT INTO public.quiz_attempt_answer ("id", "attempt_id", "quiz_question_id", "question_snapshot", "answer_json", "is_correct", "created_at", "updated_at") VALUES (35, 8, 12, '{"original_question_id":8,"type":"fill_blank","content":"In the sentence ''I have a lot of __________ to do today.'', what is the correct word to fill in the blank?","explanation":"The correct word should be a noun that represents tasks or activities. In this case, ''tasks'' is appropriate.","metadata":{"options":[{"id":"a","text":"tasks"},{"id":"b","text":"books"},{"id":"c","text":"friends"},{"id":"d","text":"dreams"}],"correctAnswers":["a"]},"tags":[18,16,20]}'::jsonb, '{"answers":["answer"]}'::jsonb, FALSE, '2026-03-03 00:02:45.000+00', '2026-03-03 00:02:45.000+00');
INSERT INTO public.quiz_attempt_answer ("id", "attempt_id", "quiz_question_id", "question_snapshot", "answer_json", "is_correct", "created_at", "updated_at") VALUES (36, 8, 13, '{"original_question_id":14,"type":"multiple_choice","content":"Which verb form is correct in the sentence: ''She ________ (go/went) to the store yesterday.''?","explanation":"The correct verb form is ''went'' because the sentence refers to a past action.","metadata":{"options":[{"id":"a","text":"go"},{"id":"b","text":"went"}],"correctAnswers":["b"]},"tags":[3,1,6]}'::jsonb, '{"selected":["b"]}'::jsonb, TRUE, '2026-03-03 00:02:45.000+00', '2026-03-03 00:02:45.000+00');
INSERT INTO public.quiz_attempt_answer ("id", "attempt_id", "quiz_question_id", "question_snapshot", "answer_json", "is_correct", "created_at", "updated_at") VALUES (37, 8, 14, '{"original_question_id":11,"type":"true_false","content":"Is the sentence ''She sells seashells by the seashore'' an example of alliteration?","explanation":"Alliteration is the repetition of the same sound at the beginning of words in a phrase or sentence. In ''She sells seashells by the seashore'', the ''s'' sound is repeated at the beginning of multiple words.","metadata":{"correctAnswer":true},"tags":[14,5]}'::jsonb, '{"answer":true}'::jsonb, FALSE, '2026-03-03 00:02:45.000+00', '2026-03-03 00:02:45.000+00');
INSERT INTO public.quiz_attempt_answer ("id", "attempt_id", "quiz_question_id", "question_snapshot", "answer_json", "is_correct", "created_at", "updated_at") VALUES (38, 8, 15, '{"original_question_id":12,"type":"matching","content":"Match the following English phrasal verbs with their meanings.","explanation":"Phrasal verbs are composed of a verb and a particle (preposition or adverb), and their meanings are often different from the literal meanings of their components.","metadata":{"pairs":[{"id":1,"left":"look up","right":"find information in a book or on the internet"},{"id":2,"left":"take off","right":"start flying or become successful quickly"},{"id":3,"left":"put off","right":"postpone or delay"},{"id":4,"left":"give up","right":"stop trying or stop having a belief"},{"id":5,"left":"look down on","right":"consider someone or something as inferior"}]},"tags":[3]}'::jsonb, '{"pairs":[1,2,3,4,5]}'::jsonb, TRUE, '2026-03-03 00:02:45.000+00', '2026-03-03 00:02:45.000+00');
INSERT INTO public.quiz_attempt_answer ("id", "attempt_id", "quiz_question_id", "question_snapshot", "answer_json", "is_correct", "created_at", "updated_at") VALUES (39, 9, 9, '{"original_question_id":16,"type":"multiple_choice","content":"Which sentence correctly uses the past simple tense?","explanation":"The past simple tense is used to describe completed actions in the past. Option A describes an action that is completed, making it correct.","metadata":{"options":[{"id":"a","text":"I went to the store yesterday."},{"id":"b","text":"I go to the store every day."},{"id":"c","text":"I am going to the store now."},{"id":"d","text":"I will go to the store later."}],"correctAnswers":["a"]},"tags":[9,1]}'::jsonb, '{"selected":["a"]}'::jsonb, TRUE, '2026-02-21 18:21:31.000+00', '2026-02-21 18:21:31.000+00');
INSERT INTO public.quiz_attempt_answer ("id", "attempt_id", "quiz_question_id", "question_snapshot", "answer_json", "is_correct", "created_at", "updated_at") VALUES (40, 9, 10, '{"original_question_id":2,"type":"matching","content":"Match the English words with their meanings:","explanation":"Select the correct meaning for each word from the list.","metadata":{"pairs":[{"id":1,"left":"Amiable","right":"Friendly and pleasant"},{"id":2,"left":"Cacophony","right":"A harsh, unpleasant sound"},{"id":3,"left":"Furtive","right":"Done in a secretive or stealthy manner"},{"id":4,"left":"Lethargic","right":"Feeling or showing a lack of energy and enthusiasm"},{"id":5,"left":"Vex","right":"Trouble or annoy (someone)"}]},"tags":[9,4,20]}'::jsonb, '{"pairs":[5,4,3,2,1]}'::jsonb, FALSE, '2026-02-21 18:21:31.000+00', '2026-02-21 18:21:31.000+00');
INSERT INTO public.quiz_attempt_answer ("id", "attempt_id", "quiz_question_id", "question_snapshot", "answer_json", "is_correct", "created_at", "updated_at") VALUES (41, 9, 11, '{"original_question_id":5,"type":"matching","content":"Match the following English phrasal verbs with their meanings:","explanation":"The correct matches are based on the common meanings of the phrasal verbs.","metadata":{"type":"matching","pairs":[{"id":1,"left":"break down","right":"to fail or stop working"},{"id":2,"left":"turn down","right":"to refuse or reject"},{"id":3,"left":"hand in","right":"to submit or deliver"},{"id":4,"left":"look up","right":"to search for information"},{"id":5,"left":"take off","right":"to leave or depart"}]},"tags":[8,16,4]}'::jsonb, '{"pairs":[1,2,3,4,5]}'::jsonb, TRUE, '2026-02-21 18:21:31.000+00', '2026-02-21 18:21:31.000+00');
INSERT INTO public.quiz_attempt_answer ("id", "attempt_id", "quiz_question_id", "question_snapshot", "answer_json", "is_correct", "created_at", "updated_at") VALUES (42, 9, 12, '{"original_question_id":8,"type":"fill_blank","content":"In the sentence ''I have a lot of __________ to do today.'', what is the correct word to fill in the blank?","explanation":"The correct word should be a noun that represents tasks or activities. In this case, ''tasks'' is appropriate.","metadata":{"options":[{"id":"a","text":"tasks"},{"id":"b","text":"books"},{"id":"c","text":"friends"},{"id":"d","text":"dreams"}],"correctAnswers":["a"]},"tags":[18,16,20]}'::jsonb, '{"answers":["answer"]}'::jsonb, FALSE, '2026-02-21 18:21:31.000+00', '2026-02-21 18:21:31.000+00');
INSERT INTO public.quiz_attempt_answer ("id", "attempt_id", "quiz_question_id", "question_snapshot", "answer_json", "is_correct", "created_at", "updated_at") VALUES (43, 9, 13, '{"original_question_id":14,"type":"multiple_choice","content":"Which verb form is correct in the sentence: ''She ________ (go/went) to the store yesterday.''?","explanation":"The correct verb form is ''went'' because the sentence refers to a past action.","metadata":{"options":[{"id":"a","text":"go"},{"id":"b","text":"went"}],"correctAnswers":["b"]},"tags":[3,1,6]}'::jsonb, '{"selected":["b"]}'::jsonb, FALSE, '2026-02-21 18:21:31.000+00', '2026-02-21 18:21:31.000+00');
INSERT INTO public.quiz_attempt_answer ("id", "attempt_id", "quiz_question_id", "question_snapshot", "answer_json", "is_correct", "created_at", "updated_at") VALUES (44, 9, 14, '{"original_question_id":11,"type":"true_false","content":"Is the sentence ''She sells seashells by the seashore'' an example of alliteration?","explanation":"Alliteration is the repetition of the same sound at the beginning of words in a phrase or sentence. In ''She sells seashells by the seashore'', the ''s'' sound is repeated at the beginning of multiple words.","metadata":{"correctAnswer":true},"tags":[14,5]}'::jsonb, '{"answer":true}'::jsonb, FALSE, '2026-02-21 18:21:31.000+00', '2026-02-21 18:21:31.000+00');
INSERT INTO public.quiz_attempt_answer ("id", "attempt_id", "quiz_question_id", "question_snapshot", "answer_json", "is_correct", "created_at", "updated_at") VALUES (45, 9, 15, '{"original_question_id":12,"type":"matching","content":"Match the following English phrasal verbs with their meanings.","explanation":"Phrasal verbs are composed of a verb and a particle (preposition or adverb), and their meanings are often different from the literal meanings of their components.","metadata":{"pairs":[{"id":1,"left":"look up","right":"find information in a book or on the internet"},{"id":2,"left":"take off","right":"start flying or become successful quickly"},{"id":3,"left":"put off","right":"postpone or delay"},{"id":4,"left":"give up","right":"stop trying or stop having a belief"},{"id":5,"left":"look down on","right":"consider someone or something as inferior"}]},"tags":[3]}'::jsonb, '{"pairs":[5,4,3,2,1]}'::jsonb, TRUE, '2026-02-21 18:21:31.000+00', '2026-02-21 18:21:31.000+00');
INSERT INTO public.quiz_attempt_answer ("id", "attempt_id", "quiz_question_id", "question_snapshot", "answer_json", "is_correct", "created_at", "updated_at") VALUES (46, 10, 16, '{"original_question_id":18,"type":"matching","content":"Match the correct prepositions with the sentences below.","explanation":"Prepositions are used to describe the relationship between a noun or pronoun and other words in a sentence.","metadata":{"pairs":[{"id":1,"left":"He is standing","right":"on the platform"},{"id":2,"left":"The book is lying","right":"on the table"},{"id":3,"left":"She is looking","right":"at the sky"},{"id":4,"left":"They are running","right":"through the forest"},{"id":5,"left":"The dog is sitting","right":"next to the tree"}]},"tags":[2,19]}'::jsonb, '{"pairs":[5,4,3,2,1]}'::jsonb, TRUE, '2026-03-03 11:12:06.000+00', '2026-03-03 11:12:06.000+00');
INSERT INTO public.quiz_attempt_answer ("id", "attempt_id", "quiz_question_id", "question_snapshot", "answer_json", "is_correct", "created_at", "updated_at") VALUES (47, 10, 17, '{"original_question_id":4,"type":"ordering","content":"Arrange the sentences in the correct order to form a coherent paragraph about starting a day.","explanation":"The correct order helps in understanding the sequence of activities typically followed in starting a day.","metadata":{"ordering":{"items":[{"text":"Get out of bed","order_id":1},{"text":"Eat breakfast","order_id":2},{"text":"Take a shower","order_id":3},{"text":"Go to work/school","order_id":4}]}},"tags":[5,1]}'::jsonb, '{"order":[]}'::jsonb, FALSE, '2026-03-03 11:12:06.000+00', '2026-03-03 11:12:06.000+00');
INSERT INTO public.quiz_attempt_answer ("id", "attempt_id", "quiz_question_id", "question_snapshot", "answer_json", "is_correct", "created_at", "updated_at") VALUES (48, 10, 18, '{"original_question_id":15,"type":"true_false","content":"The word ''definitely'' is an adverb that means ''certainly'' or ''without doubt''.","explanation":"The word ''definitely'' is used to express certainty or strong confirmation, which is why it is classified as an adverb.","metadata":{"correctAnswer":true},"tags":[19,7]}'::jsonb, '{"answer":true}'::jsonb, TRUE, '2026-03-03 11:12:06.000+00', '2026-03-03 11:12:06.000+00');
INSERT INTO public.quiz_attempt_answer ("id", "attempt_id", "quiz_question_id", "question_snapshot", "answer_json", "is_correct", "created_at", "updated_at") VALUES (49, 10, 19, '{"original_question_id":22,"type":"flashcard","content":"What is the past tense form of the verb ''to go''?","explanation":"The past tense form of ''to go'' is ''went''.","metadata":{"flashcard":{"front":"went","back":"past tense of ''to go''"}},"tags":[6,12]}'::jsonb, '{"remembered":false}'::jsonb, FALSE, '2026-03-03 11:12:06.000+00', '2026-03-03 11:12:06.000+00');
INSERT INTO public.quiz_attempt_answer ("id", "attempt_id", "quiz_question_id", "question_snapshot", "answer_json", "is_correct", "created_at", "updated_at") VALUES (50, 10, 20, '{"original_question_id":25,"type":"true_false","content":"The verb ''to be'' is only used in the present tense.","explanation":"The verb ''to be'' is not limited to the present tense. It is also used in other tenses like past (was/were) and future (will be).","metadata":{"correctAnswer":false},"tags":[3]}'::jsonb, '{"answer":true}'::jsonb, FALSE, '2026-03-03 11:12:06.000+00', '2026-03-03 11:12:06.000+00');
INSERT INTO public.quiz_attempt_answer ("id", "attempt_id", "quiz_question_id", "question_snapshot", "answer_json", "is_correct", "created_at", "updated_at") VALUES (51, 10, 21, '{"original_question_id":6,"type":"single_choice","content":"Which of the following words means ''to make something new or different''?","explanation":"The word ''innovate'' means to introduce new ideas, methods, or products, making something new or different.","metadata":{"options":[{"id":"a","text":"innovate"},{"id":"b","text":"interrupt"},{"id":"c","text":"inspire"},{"id":"d","text":"invent"}],"correctAnswers":["a"]},"tags":[20,2]}'::jsonb, '{"selected":["a"]}'::jsonb, TRUE, '2026-03-03 11:12:06.000+00', '2026-03-03 11:12:06.000+00');
INSERT INTO public.quiz_attempt_answer ("id", "attempt_id", "quiz_question_id", "question_snapshot", "answer_json", "is_correct", "created_at", "updated_at") VALUES (52, 11, 16, '{"original_question_id":18,"type":"matching","content":"Match the correct prepositions with the sentences below.","explanation":"Prepositions are used to describe the relationship between a noun or pronoun and other words in a sentence.","metadata":{"pairs":[{"id":1,"left":"He is standing","right":"on the platform"},{"id":2,"left":"The book is lying","right":"on the table"},{"id":3,"left":"She is looking","right":"at the sky"},{"id":4,"left":"They are running","right":"through the forest"},{"id":5,"left":"The dog is sitting","right":"next to the tree"}]},"tags":[2,19]}'::jsonb, '{"pairs":[5,4,3,2,1]}'::jsonb, TRUE, '2026-03-07 16:16:11.000+00', '2026-03-07 16:16:11.000+00');
INSERT INTO public.quiz_attempt_answer ("id", "attempt_id", "quiz_question_id", "question_snapshot", "answer_json", "is_correct", "created_at", "updated_at") VALUES (53, 11, 17, '{"original_question_id":4,"type":"ordering","content":"Arrange the sentences in the correct order to form a coherent paragraph about starting a day.","explanation":"The correct order helps in understanding the sequence of activities typically followed in starting a day.","metadata":{"ordering":{"items":[{"text":"Get out of bed","order_id":1},{"text":"Eat breakfast","order_id":2},{"text":"Take a shower","order_id":3},{"text":"Go to work/school","order_id":4}]}},"tags":[5,1]}'::jsonb, '{"order":[]}'::jsonb, FALSE, '2026-03-07 16:16:11.000+00', '2026-03-07 16:16:11.000+00');
INSERT INTO public.quiz_attempt_answer ("id", "attempt_id", "quiz_question_id", "question_snapshot", "answer_json", "is_correct", "created_at", "updated_at") VALUES (54, 11, 18, '{"original_question_id":15,"type":"true_false","content":"The word ''definitely'' is an adverb that means ''certainly'' or ''without doubt''.","explanation":"The word ''definitely'' is used to express certainty or strong confirmation, which is why it is classified as an adverb.","metadata":{"correctAnswer":true},"tags":[19,7]}'::jsonb, '{"answer":true}'::jsonb, FALSE, '2026-03-07 16:16:11.000+00', '2026-03-07 16:16:11.000+00');
INSERT INTO public.quiz_attempt_answer ("id", "attempt_id", "quiz_question_id", "question_snapshot", "answer_json", "is_correct", "created_at", "updated_at") VALUES (55, 11, 19, '{"original_question_id":22,"type":"flashcard","content":"What is the past tense form of the verb ''to go''?","explanation":"The past tense form of ''to go'' is ''went''.","metadata":{"flashcard":{"front":"went","back":"past tense of ''to go''"}},"tags":[6,12]}'::jsonb, '{"remembered":true}'::jsonb, TRUE, '2026-03-07 16:16:11.000+00', '2026-03-07 16:16:11.000+00');
INSERT INTO public.quiz_attempt_answer ("id", "attempt_id", "quiz_question_id", "question_snapshot", "answer_json", "is_correct", "created_at", "updated_at") VALUES (56, 11, 20, '{"original_question_id":25,"type":"true_false","content":"The verb ''to be'' is only used in the present tense.","explanation":"The verb ''to be'' is not limited to the present tense. It is also used in other tenses like past (was/were) and future (will be).","metadata":{"correctAnswer":false},"tags":[3]}'::jsonb, '{"answer":true}'::jsonb, TRUE, '2026-03-07 16:16:11.000+00', '2026-03-07 16:16:11.000+00');
INSERT INTO public.quiz_attempt_answer ("id", "attempt_id", "quiz_question_id", "question_snapshot", "answer_json", "is_correct", "created_at", "updated_at") VALUES (57, 11, 21, '{"original_question_id":6,"type":"single_choice","content":"Which of the following words means ''to make something new or different''?","explanation":"The word ''innovate'' means to introduce new ideas, methods, or products, making something new or different.","metadata":{"options":[{"id":"a","text":"innovate"},{"id":"b","text":"interrupt"},{"id":"c","text":"inspire"},{"id":"d","text":"invent"}],"correctAnswers":["a"]},"tags":[20,2]}'::jsonb, '{"selected":["a"]}'::jsonb, FALSE, '2026-03-07 16:16:11.000+00', '2026-03-07 16:16:11.000+00');
INSERT INTO public.quiz_attempt_answer ("id", "attempt_id", "quiz_question_id", "question_snapshot", "answer_json", "is_correct", "created_at", "updated_at") VALUES (58, 12, 16, '{"original_question_id":18,"type":"matching","content":"Match the correct prepositions with the sentences below.","explanation":"Prepositions are used to describe the relationship between a noun or pronoun and other words in a sentence.","metadata":{"pairs":[{"id":1,"left":"He is standing","right":"on the platform"},{"id":2,"left":"The book is lying","right":"on the table"},{"id":3,"left":"She is looking","right":"at the sky"},{"id":4,"left":"They are running","right":"through the forest"},{"id":5,"left":"The dog is sitting","right":"next to the tree"}]},"tags":[2,19]}'::jsonb, '{"pairs":[5,4,3,2,1]}'::jsonb, FALSE, '2026-02-23 21:36:05.000+00', '2026-02-23 21:36:05.000+00');
INSERT INTO public.quiz_attempt_answer ("id", "attempt_id", "quiz_question_id", "question_snapshot", "answer_json", "is_correct", "created_at", "updated_at") VALUES (59, 12, 17, '{"original_question_id":4,"type":"ordering","content":"Arrange the sentences in the correct order to form a coherent paragraph about starting a day.","explanation":"The correct order helps in understanding the sequence of activities typically followed in starting a day.","metadata":{"ordering":{"items":[{"text":"Get out of bed","order_id":1},{"text":"Eat breakfast","order_id":2},{"text":"Take a shower","order_id":3},{"text":"Go to work/school","order_id":4}]}},"tags":[5,1]}'::jsonb, '{"order":[]}'::jsonb, FALSE, '2026-02-23 21:36:05.000+00', '2026-02-23 21:36:05.000+00');
INSERT INTO public.quiz_attempt_answer ("id", "attempt_id", "quiz_question_id", "question_snapshot", "answer_json", "is_correct", "created_at", "updated_at") VALUES (60, 12, 18, '{"original_question_id":15,"type":"true_false","content":"The word ''definitely'' is an adverb that means ''certainly'' or ''without doubt''.","explanation":"The word ''definitely'' is used to express certainty or strong confirmation, which is why it is classified as an adverb.","metadata":{"correctAnswer":true},"tags":[19,7]}'::jsonb, '{"answer":true}'::jsonb, FALSE, '2026-02-23 21:36:05.000+00', '2026-02-23 21:36:05.000+00');
INSERT INTO public.quiz_attempt_answer ("id", "attempt_id", "quiz_question_id", "question_snapshot", "answer_json", "is_correct", "created_at", "updated_at") VALUES (61, 12, 19, '{"original_question_id":22,"type":"flashcard","content":"What is the past tense form of the verb ''to go''?","explanation":"The past tense form of ''to go'' is ''went''.","metadata":{"flashcard":{"front":"went","back":"past tense of ''to go''"}},"tags":[6,12]}'::jsonb, '{"remembered":true}'::jsonb, TRUE, '2026-02-23 21:36:05.000+00', '2026-02-23 21:36:05.000+00');
INSERT INTO public.quiz_attempt_answer ("id", "attempt_id", "quiz_question_id", "question_snapshot", "answer_json", "is_correct", "created_at", "updated_at") VALUES (62, 12, 20, '{"original_question_id":25,"type":"true_false","content":"The verb ''to be'' is only used in the present tense.","explanation":"The verb ''to be'' is not limited to the present tense. It is also used in other tenses like past (was/were) and future (will be).","metadata":{"correctAnswer":false},"tags":[3]}'::jsonb, '{"answer":true}'::jsonb, TRUE, '2026-02-23 21:36:05.000+00', '2026-02-23 21:36:05.000+00');
INSERT INTO public.quiz_attempt_answer ("id", "attempt_id", "quiz_question_id", "question_snapshot", "answer_json", "is_correct", "created_at", "updated_at") VALUES (63, 12, 21, '{"original_question_id":6,"type":"single_choice","content":"Which of the following words means ''to make something new or different''?","explanation":"The word ''innovate'' means to introduce new ideas, methods, or products, making something new or different.","metadata":{"options":[{"id":"a","text":"innovate"},{"id":"b","text":"interrupt"},{"id":"c","text":"inspire"},{"id":"d","text":"invent"}],"correctAnswers":["a"]},"tags":[20,2]}'::jsonb, '{"selected":["a"]}'::jsonb, FALSE, '2026-02-23 21:36:05.000+00', '2026-02-23 21:36:05.000+00');
INSERT INTO public.quiz_attempt_answer ("id", "attempt_id", "quiz_question_id", "question_snapshot", "answer_json", "is_correct", "created_at", "updated_at") VALUES (64, 13, 22, '{"original_question_id":24,"type":"true_false","content":"The word ''disinterested'' means the same as ''uninterested''.","explanation":"The term ''disinterested'' actually means impartial or unbiased, while ''uninterested'' means lacking interest.","metadata":{"correctAnswer":false},"tags":[16,14,13]}'::jsonb, '{"answer":false}'::jsonb, NULL, '2026-02-21 20:17:38.000+00', '2026-02-21 20:17:38.000+00');
INSERT INTO public.quiz_attempt_answer ("id", "attempt_id", "quiz_question_id", "question_snapshot", "answer_json", "is_correct", "created_at", "updated_at") VALUES (65, 13, 23, '{"original_question_id":22,"type":"flashcard","content":"What is the past tense form of the verb ''to go''?","explanation":"The past tense form of ''to go'' is ''went''.","metadata":{"flashcard":{"front":"went","back":"past tense of ''to go''"}},"tags":[6,12]}'::jsonb, '{"remembered":true}'::jsonb, NULL, '2026-02-21 20:17:38.000+00', '2026-02-21 20:17:38.000+00');
INSERT INTO public.quiz_attempt_answer ("id", "attempt_id", "quiz_question_id", "question_snapshot", "answer_json", "is_correct", "created_at", "updated_at") VALUES (66, 13, 24, '{"original_question_id":4,"type":"ordering","content":"Arrange the sentences in the correct order to form a coherent paragraph about starting a day.","explanation":"The correct order helps in understanding the sequence of activities typically followed in starting a day.","metadata":{"ordering":{"items":[{"text":"Get out of bed","order_id":1},{"text":"Eat breakfast","order_id":2},{"text":"Take a shower","order_id":3},{"text":"Go to work/school","order_id":4}]}},"tags":[5,1]}'::jsonb, '{"order":[]}'::jsonb, NULL, '2026-02-21 20:17:38.000+00', '2026-02-21 20:17:38.000+00');
INSERT INTO public.quiz_attempt_answer ("id", "attempt_id", "quiz_question_id", "question_snapshot", "answer_json", "is_correct", "created_at", "updated_at") VALUES (67, 14, 22, '{"original_question_id":24,"type":"true_false","content":"The word ''disinterested'' means the same as ''uninterested''.","explanation":"The term ''disinterested'' actually means impartial or unbiased, while ''uninterested'' means lacking interest.","metadata":{"correctAnswer":false},"tags":[16,14,13]}'::jsonb, '{"answer":true}'::jsonb, TRUE, '2026-03-09 13:31:58.000+00', '2026-03-09 13:31:58.000+00');
INSERT INTO public.quiz_attempt_answer ("id", "attempt_id", "quiz_question_id", "question_snapshot", "answer_json", "is_correct", "created_at", "updated_at") VALUES (68, 14, 23, '{"original_question_id":22,"type":"flashcard","content":"What is the past tense form of the verb ''to go''?","explanation":"The past tense form of ''to go'' is ''went''.","metadata":{"flashcard":{"front":"went","back":"past tense of ''to go''"}},"tags":[6,12]}'::jsonb, '{"remembered":true}'::jsonb, FALSE, '2026-03-09 13:31:58.000+00', '2026-03-09 13:31:58.000+00');
INSERT INTO public.quiz_attempt_answer ("id", "attempt_id", "quiz_question_id", "question_snapshot", "answer_json", "is_correct", "created_at", "updated_at") VALUES (69, 14, 24, '{"original_question_id":4,"type":"ordering","content":"Arrange the sentences in the correct order to form a coherent paragraph about starting a day.","explanation":"The correct order helps in understanding the sequence of activities typically followed in starting a day.","metadata":{"ordering":{"items":[{"text":"Get out of bed","order_id":1},{"text":"Eat breakfast","order_id":2},{"text":"Take a shower","order_id":3},{"text":"Go to work/school","order_id":4}]}},"tags":[5,1]}'::jsonb, '{"order":[]}'::jsonb, FALSE, '2026-03-09 13:31:58.000+00', '2026-03-09 13:31:58.000+00');
INSERT INTO public.quiz_attempt_answer ("id", "attempt_id", "quiz_question_id", "question_snapshot", "answer_json", "is_correct", "created_at", "updated_at") VALUES (70, 15, 22, '{"original_question_id":24,"type":"true_false","content":"The word ''disinterested'' means the same as ''uninterested''.","explanation":"The term ''disinterested'' actually means impartial or unbiased, while ''uninterested'' means lacking interest.","metadata":{"correctAnswer":false},"tags":[16,14,13]}'::jsonb, '{"answer":false}'::jsonb, NULL, '2026-03-16 20:05:07.000+00', '2026-03-16 20:05:07.000+00');
INSERT INTO public.quiz_attempt_answer ("id", "attempt_id", "quiz_question_id", "question_snapshot", "answer_json", "is_correct", "created_at", "updated_at") VALUES (71, 15, 23, '{"original_question_id":22,"type":"flashcard","content":"What is the past tense form of the verb ''to go''?","explanation":"The past tense form of ''to go'' is ''went''.","metadata":{"flashcard":{"front":"went","back":"past tense of ''to go''"}},"tags":[6,12]}'::jsonb, '{"remembered":true}'::jsonb, NULL, '2026-03-16 20:05:07.000+00', '2026-03-16 20:05:07.000+00');
INSERT INTO public.quiz_attempt_answer ("id", "attempt_id", "quiz_question_id", "question_snapshot", "answer_json", "is_correct", "created_at", "updated_at") VALUES (72, 15, 24, '{"original_question_id":4,"type":"ordering","content":"Arrange the sentences in the correct order to form a coherent paragraph about starting a day.","explanation":"The correct order helps in understanding the sequence of activities typically followed in starting a day.","metadata":{"ordering":{"items":[{"text":"Get out of bed","order_id":1},{"text":"Eat breakfast","order_id":2},{"text":"Take a shower","order_id":3},{"text":"Go to work/school","order_id":4}]}},"tags":[5,1]}'::jsonb, '{"order":[]}'::jsonb, NULL, '2026-03-16 20:05:07.000+00', '2026-03-16 20:05:07.000+00');
INSERT INTO public.quiz_attempt_answer ("id", "attempt_id", "quiz_question_id", "question_snapshot", "answer_json", "is_correct", "created_at", "updated_at") VALUES (73, 16, 25, '{"original_question_id":11,"type":"true_false","content":"Is the sentence ''She sells seashells by the seashore'' an example of alliteration?","explanation":"Alliteration is the repetition of the same sound at the beginning of words in a phrase or sentence. In ''She sells seashells by the seashore'', the ''s'' sound is repeated at the beginning of multiple words.","metadata":{"correctAnswer":true},"tags":[14,5]}'::jsonb, '{"answer":false}'::jsonb, NULL, '2026-03-02 19:58:38.000+00', '2026-03-02 19:58:38.000+00');
INSERT INTO public.quiz_attempt_answer ("id", "attempt_id", "quiz_question_id", "question_snapshot", "answer_json", "is_correct", "created_at", "updated_at") VALUES (74, 16, 26, '{"original_question_id":12,"type":"matching","content":"Match the following English phrasal verbs with their meanings.","explanation":"Phrasal verbs are composed of a verb and a particle (preposition or adverb), and their meanings are often different from the literal meanings of their components.","metadata":{"pairs":[{"id":1,"left":"look up","right":"find information in a book or on the internet"},{"id":2,"left":"take off","right":"start flying or become successful quickly"},{"id":3,"left":"put off","right":"postpone or delay"},{"id":4,"left":"give up","right":"stop trying or stop having a belief"},{"id":5,"left":"look down on","right":"consider someone or something as inferior"}]},"tags":[3]}'::jsonb, '{"pairs":[1,2,3,4,5]}'::jsonb, NULL, '2026-03-02 19:58:38.000+00', '2026-03-02 19:58:38.000+00');
INSERT INTO public.quiz_attempt_answer ("id", "attempt_id", "quiz_question_id", "question_snapshot", "answer_json", "is_correct", "created_at", "updated_at") VALUES (75, 16, 27, '{"original_question_id":1,"type":"fill_blank","content":"The ___________ of the sentence is the part that expresses the main idea.","explanation":"The predicate of the sentence includes the verb and its complements, expressing the main action or state of the subject.","metadata":{"answers":["predicate"],"keywords":["sentence","main idea"]},"tags":[9,3]}'::jsonb, '{"answers":["predicate"]}'::jsonb, NULL, '2026-03-02 19:58:38.000+00', '2026-03-02 19:58:38.000+00');
INSERT INTO public.quiz_attempt_answer ("id", "attempt_id", "quiz_question_id", "question_snapshot", "answer_json", "is_correct", "created_at", "updated_at") VALUES (76, 16, 28, '{"original_question_id":25,"type":"true_false","content":"The verb ''to be'' is only used in the present tense.","explanation":"The verb ''to be'' is not limited to the present tense. It is also used in other tenses like past (was/were) and future (will be).","metadata":{"correctAnswer":false},"tags":[3]}'::jsonb, '{"answer":false}'::jsonb, NULL, '2026-03-02 19:58:38.000+00', '2026-03-02 19:58:38.000+00');
INSERT INTO public.quiz_attempt_answer ("id", "attempt_id", "quiz_question_id", "question_snapshot", "answer_json", "is_correct", "created_at", "updated_at") VALUES (77, 16, 29, '{"original_question_id":14,"type":"multiple_choice","content":"Which verb form is correct in the sentence: ''She ________ (go/went) to the store yesterday.''?","explanation":"The correct verb form is ''went'' because the sentence refers to a past action.","metadata":{"options":[{"id":"a","text":"go"},{"id":"b","text":"went"}],"correctAnswers":["b"]},"tags":[3,1,6]}'::jsonb, '{"selected":["b"]}'::jsonb, NULL, '2026-03-02 19:58:38.000+00', '2026-03-02 19:58:38.000+00');
INSERT INTO public.quiz_attempt_answer ("id", "attempt_id", "quiz_question_id", "question_snapshot", "answer_json", "is_correct", "created_at", "updated_at") VALUES (78, 16, 30, '{"original_question_id":17,"type":"multiple_choice","content":"Which sentence uses a correct past tense form of the verb ''write''?","explanation":"The past tense of ''write'' is ''wrote''.","metadata":{"options":[{"id":"a","text":"I wrote a letter yesterday."},{"id":"b","text":"I written a letter yesterday."},{"id":"c","text":"I write a letter yesterday."}],"correctAnswers":["a"]},"tags":[5]}'::jsonb, '{"selected":["a"]}'::jsonb, NULL, '2026-03-02 19:58:38.000+00', '2026-03-02 19:58:38.000+00');
INSERT INTO public.quiz_attempt_answer ("id", "attempt_id", "quiz_question_id", "question_snapshot", "answer_json", "is_correct", "created_at", "updated_at") VALUES (79, 16, 31, '{"original_question_id":16,"type":"multiple_choice","content":"Which sentence correctly uses the past simple tense?","explanation":"The past simple tense is used to describe completed actions in the past. Option A describes an action that is completed, making it correct.","metadata":{"options":[{"id":"a","text":"I went to the store yesterday."},{"id":"b","text":"I go to the store every day."},{"id":"c","text":"I am going to the store now."},{"id":"d","text":"I will go to the store later."}],"correctAnswers":["a"]},"tags":[9,1]}'::jsonb, '{"selected":["a"]}'::jsonb, NULL, '2026-03-02 19:58:38.000+00', '2026-03-02 19:58:38.000+00');
INSERT INTO public.quiz_attempt_answer ("id", "attempt_id", "quiz_question_id", "question_snapshot", "answer_json", "is_correct", "created_at", "updated_at") VALUES (80, 17, 25, '{"original_question_id":11,"type":"true_false","content":"Is the sentence ''She sells seashells by the seashore'' an example of alliteration?","explanation":"Alliteration is the repetition of the same sound at the beginning of words in a phrase or sentence. In ''She sells seashells by the seashore'', the ''s'' sound is repeated at the beginning of multiple words.","metadata":{"correctAnswer":true},"tags":[14,5]}'::jsonb, '{"answer":true}'::jsonb, TRUE, '2026-02-28 20:28:42.000+00', '2026-02-28 20:28:42.000+00');
INSERT INTO public.quiz_attempt_answer ("id", "attempt_id", "quiz_question_id", "question_snapshot", "answer_json", "is_correct", "created_at", "updated_at") VALUES (81, 17, 26, '{"original_question_id":12,"type":"matching","content":"Match the following English phrasal verbs with their meanings.","explanation":"Phrasal verbs are composed of a verb and a particle (preposition or adverb), and their meanings are often different from the literal meanings of their components.","metadata":{"pairs":[{"id":1,"left":"look up","right":"find information in a book or on the internet"},{"id":2,"left":"take off","right":"start flying or become successful quickly"},{"id":3,"left":"put off","right":"postpone or delay"},{"id":4,"left":"give up","right":"stop trying or stop having a belief"},{"id":5,"left":"look down on","right":"consider someone or something as inferior"}]},"tags":[3]}'::jsonb, '{"pairs":[1,2,3,4,5]}'::jsonb, TRUE, '2026-02-28 20:28:42.000+00', '2026-02-28 20:28:42.000+00');
INSERT INTO public.quiz_attempt_answer ("id", "attempt_id", "quiz_question_id", "question_snapshot", "answer_json", "is_correct", "created_at", "updated_at") VALUES (82, 17, 27, '{"original_question_id":1,"type":"fill_blank","content":"The ___________ of the sentence is the part that expresses the main idea.","explanation":"The predicate of the sentence includes the verb and its complements, expressing the main action or state of the subject.","metadata":{"answers":["predicate"],"keywords":["sentence","main idea"]},"tags":[9,3]}'::jsonb, '{"answers":["predicate"]}'::jsonb, TRUE, '2026-02-28 20:28:42.000+00', '2026-02-28 20:28:42.000+00');
INSERT INTO public.quiz_attempt_answer ("id", "attempt_id", "quiz_question_id", "question_snapshot", "answer_json", "is_correct", "created_at", "updated_at") VALUES (83, 17, 28, '{"original_question_id":25,"type":"true_false","content":"The verb ''to be'' is only used in the present tense.","explanation":"The verb ''to be'' is not limited to the present tense. It is also used in other tenses like past (was/were) and future (will be).","metadata":{"correctAnswer":false},"tags":[3]}'::jsonb, '{"answer":true}'::jsonb, FALSE, '2026-02-28 20:28:42.000+00', '2026-02-28 20:28:42.000+00');
INSERT INTO public.quiz_attempt_answer ("id", "attempt_id", "quiz_question_id", "question_snapshot", "answer_json", "is_correct", "created_at", "updated_at") VALUES (84, 17, 29, '{"original_question_id":14,"type":"multiple_choice","content":"Which verb form is correct in the sentence: ''She ________ (go/went) to the store yesterday.''?","explanation":"The correct verb form is ''went'' because the sentence refers to a past action.","metadata":{"options":[{"id":"a","text":"go"},{"id":"b","text":"went"}],"correctAnswers":["b"]},"tags":[3,1,6]}'::jsonb, '{"selected":["b"]}'::jsonb, FALSE, '2026-02-28 20:28:42.000+00', '2026-02-28 20:28:42.000+00');
INSERT INTO public.quiz_attempt_answer ("id", "attempt_id", "quiz_question_id", "question_snapshot", "answer_json", "is_correct", "created_at", "updated_at") VALUES (85, 17, 30, '{"original_question_id":17,"type":"multiple_choice","content":"Which sentence uses a correct past tense form of the verb ''write''?","explanation":"The past tense of ''write'' is ''wrote''.","metadata":{"options":[{"id":"a","text":"I wrote a letter yesterday."},{"id":"b","text":"I written a letter yesterday."},{"id":"c","text":"I write a letter yesterday."}],"correctAnswers":["a"]},"tags":[5]}'::jsonb, '{"selected":["a"]}'::jsonb, FALSE, '2026-02-28 20:28:42.000+00', '2026-02-28 20:28:42.000+00');
INSERT INTO public.quiz_attempt_answer ("id", "attempt_id", "quiz_question_id", "question_snapshot", "answer_json", "is_correct", "created_at", "updated_at") VALUES (86, 17, 31, '{"original_question_id":16,"type":"multiple_choice","content":"Which sentence correctly uses the past simple tense?","explanation":"The past simple tense is used to describe completed actions in the past. Option A describes an action that is completed, making it correct.","metadata":{"options":[{"id":"a","text":"I went to the store yesterday."},{"id":"b","text":"I go to the store every day."},{"id":"c","text":"I am going to the store now."},{"id":"d","text":"I will go to the store later."}],"correctAnswers":["a"]},"tags":[9,1]}'::jsonb, '{"selected":["a"]}'::jsonb, TRUE, '2026-02-28 20:28:42.000+00', '2026-02-28 20:28:42.000+00');
INSERT INTO public.quiz_attempt_answer ("id", "attempt_id", "quiz_question_id", "question_snapshot", "answer_json", "is_correct", "created_at", "updated_at") VALUES (87, 18, 25, '{"original_question_id":11,"type":"true_false","content":"Is the sentence ''She sells seashells by the seashore'' an example of alliteration?","explanation":"Alliteration is the repetition of the same sound at the beginning of words in a phrase or sentence. In ''She sells seashells by the seashore'', the ''s'' sound is repeated at the beginning of multiple words.","metadata":{"correctAnswer":true},"tags":[14,5]}'::jsonb, '{"answer":false}'::jsonb, NULL, '2026-03-18 16:58:36.000+00', '2026-03-18 16:58:36.000+00');
INSERT INTO public.quiz_attempt_answer ("id", "attempt_id", "quiz_question_id", "question_snapshot", "answer_json", "is_correct", "created_at", "updated_at") VALUES (88, 18, 26, '{"original_question_id":12,"type":"matching","content":"Match the following English phrasal verbs with their meanings.","explanation":"Phrasal verbs are composed of a verb and a particle (preposition or adverb), and their meanings are often different from the literal meanings of their components.","metadata":{"pairs":[{"id":1,"left":"look up","right":"find information in a book or on the internet"},{"id":2,"left":"take off","right":"start flying or become successful quickly"},{"id":3,"left":"put off","right":"postpone or delay"},{"id":4,"left":"give up","right":"stop trying or stop having a belief"},{"id":5,"left":"look down on","right":"consider someone or something as inferior"}]},"tags":[3]}'::jsonb, '{"pairs":[1,2,3,4,5]}'::jsonb, NULL, '2026-03-18 16:58:36.000+00', '2026-03-18 16:58:36.000+00');
INSERT INTO public.quiz_attempt_answer ("id", "attempt_id", "quiz_question_id", "question_snapshot", "answer_json", "is_correct", "created_at", "updated_at") VALUES (89, 18, 27, '{"original_question_id":1,"type":"fill_blank","content":"The ___________ of the sentence is the part that expresses the main idea.","explanation":"The predicate of the sentence includes the verb and its complements, expressing the main action or state of the subject.","metadata":{"answers":["predicate"],"keywords":["sentence","main idea"]},"tags":[9,3]}'::jsonb, '{"answers":["predicate"]}'::jsonb, NULL, '2026-03-18 16:58:36.000+00', '2026-03-18 16:58:36.000+00');
INSERT INTO public.quiz_attempt_answer ("id", "attempt_id", "quiz_question_id", "question_snapshot", "answer_json", "is_correct", "created_at", "updated_at") VALUES (90, 18, 28, '{"original_question_id":25,"type":"true_false","content":"The verb ''to be'' is only used in the present tense.","explanation":"The verb ''to be'' is not limited to the present tense. It is also used in other tenses like past (was/were) and future (will be).","metadata":{"correctAnswer":false},"tags":[3]}'::jsonb, '{"answer":false}'::jsonb, NULL, '2026-03-18 16:58:36.000+00', '2026-03-18 16:58:36.000+00');
INSERT INTO public.quiz_attempt_answer ("id", "attempt_id", "quiz_question_id", "question_snapshot", "answer_json", "is_correct", "created_at", "updated_at") VALUES (91, 18, 29, '{"original_question_id":14,"type":"multiple_choice","content":"Which verb form is correct in the sentence: ''She ________ (go/went) to the store yesterday.''?","explanation":"The correct verb form is ''went'' because the sentence refers to a past action.","metadata":{"options":[{"id":"a","text":"go"},{"id":"b","text":"went"}],"correctAnswers":["b"]},"tags":[3,1,6]}'::jsonb, '{"selected":["b"]}'::jsonb, NULL, '2026-03-18 16:58:36.000+00', '2026-03-18 16:58:36.000+00');
INSERT INTO public.quiz_attempt_answer ("id", "attempt_id", "quiz_question_id", "question_snapshot", "answer_json", "is_correct", "created_at", "updated_at") VALUES (92, 18, 30, '{"original_question_id":17,"type":"multiple_choice","content":"Which sentence uses a correct past tense form of the verb ''write''?","explanation":"The past tense of ''write'' is ''wrote''.","metadata":{"options":[{"id":"a","text":"I wrote a letter yesterday."},{"id":"b","text":"I written a letter yesterday."},{"id":"c","text":"I write a letter yesterday."}],"correctAnswers":["a"]},"tags":[5]}'::jsonb, '{"selected":["a"]}'::jsonb, NULL, '2026-03-18 16:58:36.000+00', '2026-03-18 16:58:36.000+00');
INSERT INTO public.quiz_attempt_answer ("id", "attempt_id", "quiz_question_id", "question_snapshot", "answer_json", "is_correct", "created_at", "updated_at") VALUES (93, 18, 31, '{"original_question_id":16,"type":"multiple_choice","content":"Which sentence correctly uses the past simple tense?","explanation":"The past simple tense is used to describe completed actions in the past. Option A describes an action that is completed, making it correct.","metadata":{"options":[{"id":"a","text":"I went to the store yesterday."},{"id":"b","text":"I go to the store every day."},{"id":"c","text":"I am going to the store now."},{"id":"d","text":"I will go to the store later."}],"correctAnswers":["a"]},"tags":[9,1]}'::jsonb, '{"selected":["a"]}'::jsonb, NULL, '2026-03-18 16:58:36.000+00', '2026-03-18 16:58:36.000+00');
INSERT INTO public.quiz_attempt_answer ("id", "attempt_id", "quiz_question_id", "question_snapshot", "answer_json", "is_correct", "created_at", "updated_at") VALUES (94, 19, 32, '{"original_question_id":25,"type":"true_false","content":"The verb ''to be'' is only used in the present tense.","explanation":"The verb ''to be'' is not limited to the present tense. It is also used in other tenses like past (was/were) and future (will be).","metadata":{"correctAnswer":false},"tags":[3]}'::jsonb, '{"answer":true}'::jsonb, TRUE, '2026-02-28 13:04:58.000+00', '2026-02-28 13:04:58.000+00');
INSERT INTO public.quiz_attempt_answer ("id", "attempt_id", "quiz_question_id", "question_snapshot", "answer_json", "is_correct", "created_at", "updated_at") VALUES (95, 19, 33, '{"original_question_id":6,"type":"single_choice","content":"Which of the following words means ''to make something new or different''?","explanation":"The word ''innovate'' means to introduce new ideas, methods, or products, making something new or different.","metadata":{"options":[{"id":"a","text":"innovate"},{"id":"b","text":"interrupt"},{"id":"c","text":"inspire"},{"id":"d","text":"invent"}],"correctAnswers":["a"]},"tags":[20,2]}'::jsonb, '{"selected":["a"]}'::jsonb, TRUE, '2026-02-28 13:04:58.000+00', '2026-02-28 13:04:58.000+00');
INSERT INTO public.quiz_attempt_answer ("id", "attempt_id", "quiz_question_id", "question_snapshot", "answer_json", "is_correct", "created_at", "updated_at") VALUES (96, 19, 34, '{"original_question_id":18,"type":"matching","content":"Match the correct prepositions with the sentences below.","explanation":"Prepositions are used to describe the relationship between a noun or pronoun and other words in a sentence.","metadata":{"pairs":[{"id":1,"left":"He is standing","right":"on the platform"},{"id":2,"left":"The book is lying","right":"on the table"},{"id":3,"left":"She is looking","right":"at the sky"},{"id":4,"left":"They are running","right":"through the forest"},{"id":5,"left":"The dog is sitting","right":"next to the tree"}]},"tags":[2,19]}'::jsonb, '{"pairs":[5,4,3,2,1]}'::jsonb, TRUE, '2026-02-28 13:04:58.000+00', '2026-02-28 13:04:58.000+00');
INSERT INTO public.quiz_attempt_answer ("id", "attempt_id", "quiz_question_id", "question_snapshot", "answer_json", "is_correct", "created_at", "updated_at") VALUES (97, 19, 35, '{"original_question_id":21,"type":"multiple_choice","content":"Which of the following is the correct past tense form of the verb ''to go''?","explanation":"The correct answer is ''went'' because it is the standard past tense form of ''to go''.","metadata":{"options":[{"id":"a","text":"goed"},{"id":"b","text":"gone"},{"id":"c","text":"went"},{"id":"d","text":"going"}],"correctAnswers":["c"]},"tags":[19]}'::jsonb, '{"selected":["c"]}'::jsonb, TRUE, '2026-02-28 13:04:58.000+00', '2026-02-28 13:04:58.000+00');
INSERT INTO public.quiz_attempt_answer ("id", "attempt_id", "quiz_question_id", "question_snapshot", "answer_json", "is_correct", "created_at", "updated_at") VALUES (98, 19, 36, '{"original_question_id":7,"type":"matching","content":"Match the following English prepositions with their correct meanings:","explanation":"Correct matches will align the prepositions with their appropriate definitions, which is essential for proper sentence construction and comprehension.","metadata":{"pairs":[{"id":1,"left":"in","right":"inside a container or position"},{"id":2,"left":"on","right":"touching the surface of"},{"id":3,"left":"under","right":"below and in contact with"},{"id":4,"left":"over","right":"above and not touching"},{"id":5,"left":"at","right":"indicating a specific place or time"}]},"tags":[19,3,5]}'::jsonb, '{"pairs":[5,4,3,2,1]}'::jsonb, FALSE, '2026-02-28 13:04:58.000+00', '2026-02-28 13:04:58.000+00');
INSERT INTO public.quiz_attempt_answer ("id", "attempt_id", "quiz_question_id", "question_snapshot", "answer_json", "is_correct", "created_at", "updated_at") VALUES (99, 19, 37, '{"original_question_id":12,"type":"matching","content":"Match the following English phrasal verbs with their meanings.","explanation":"Phrasal verbs are composed of a verb and a particle (preposition or adverb), and their meanings are often different from the literal meanings of their components.","metadata":{"pairs":[{"id":1,"left":"look up","right":"find information in a book or on the internet"},{"id":2,"left":"take off","right":"start flying or become successful quickly"},{"id":3,"left":"put off","right":"postpone or delay"},{"id":4,"left":"give up","right":"stop trying or stop having a belief"},{"id":5,"left":"look down on","right":"consider someone or something as inferior"}]},"tags":[3]}'::jsonb, '{"pairs":[1,2,3,4,5]}'::jsonb, TRUE, '2026-02-28 13:04:58.000+00', '2026-02-28 13:04:58.000+00');
INSERT INTO public.quiz_attempt_answer ("id", "attempt_id", "quiz_question_id", "question_snapshot", "answer_json", "is_correct", "created_at", "updated_at") VALUES (100, 20, 32, '{"original_question_id":25,"type":"true_false","content":"The verb ''to be'' is only used in the present tense.","explanation":"The verb ''to be'' is not limited to the present tense. It is also used in other tenses like past (was/were) and future (will be).","metadata":{"correctAnswer":false},"tags":[3]}'::jsonb, '{"answer":true}'::jsonb, FALSE, '2026-03-06 19:47:08.000+00', '2026-03-06 19:47:08.000+00');
INSERT INTO public.quiz_attempt_answer ("id", "attempt_id", "quiz_question_id", "question_snapshot", "answer_json", "is_correct", "created_at", "updated_at") VALUES (101, 20, 33, '{"original_question_id":6,"type":"single_choice","content":"Which of the following words means ''to make something new or different''?","explanation":"The word ''innovate'' means to introduce new ideas, methods, or products, making something new or different.","metadata":{"options":[{"id":"a","text":"innovate"},{"id":"b","text":"interrupt"},{"id":"c","text":"inspire"},{"id":"d","text":"invent"}],"correctAnswers":["a"]},"tags":[20,2]}'::jsonb, '{"selected":["a"]}'::jsonb, TRUE, '2026-03-06 19:47:08.000+00', '2026-03-06 19:47:08.000+00');
INSERT INTO public.quiz_attempt_answer ("id", "attempt_id", "quiz_question_id", "question_snapshot", "answer_json", "is_correct", "created_at", "updated_at") VALUES (102, 20, 34, '{"original_question_id":18,"type":"matching","content":"Match the correct prepositions with the sentences below.","explanation":"Prepositions are used to describe the relationship between a noun or pronoun and other words in a sentence.","metadata":{"pairs":[{"id":1,"left":"He is standing","right":"on the platform"},{"id":2,"left":"The book is lying","right":"on the table"},{"id":3,"left":"She is looking","right":"at the sky"},{"id":4,"left":"They are running","right":"through the forest"},{"id":5,"left":"The dog is sitting","right":"next to the tree"}]},"tags":[2,19]}'::jsonb, '{"pairs":[1,2,3,4,5]}'::jsonb, FALSE, '2026-03-06 19:47:08.000+00', '2026-03-06 19:47:08.000+00');
INSERT INTO public.quiz_attempt_answer ("id", "attempt_id", "quiz_question_id", "question_snapshot", "answer_json", "is_correct", "created_at", "updated_at") VALUES (103, 20, 35, '{"original_question_id":21,"type":"multiple_choice","content":"Which of the following is the correct past tense form of the verb ''to go''?","explanation":"The correct answer is ''went'' because it is the standard past tense form of ''to go''.","metadata":{"options":[{"id":"a","text":"goed"},{"id":"b","text":"gone"},{"id":"c","text":"went"},{"id":"d","text":"going"}],"correctAnswers":["c"]},"tags":[19]}'::jsonb, '{"selected":["c"]}'::jsonb, TRUE, '2026-03-06 19:47:08.000+00', '2026-03-06 19:47:08.000+00');
INSERT INTO public.quiz_attempt_answer ("id", "attempt_id", "quiz_question_id", "question_snapshot", "answer_json", "is_correct", "created_at", "updated_at") VALUES (104, 20, 36, '{"original_question_id":7,"type":"matching","content":"Match the following English prepositions with their correct meanings:","explanation":"Correct matches will align the prepositions with their appropriate definitions, which is essential for proper sentence construction and comprehension.","metadata":{"pairs":[{"id":1,"left":"in","right":"inside a container or position"},{"id":2,"left":"on","right":"touching the surface of"},{"id":3,"left":"under","right":"below and in contact with"},{"id":4,"left":"over","right":"above and not touching"},{"id":5,"left":"at","right":"indicating a specific place or time"}]},"tags":[19,3,5]}'::jsonb, '{"pairs":[5,4,3,2,1]}'::jsonb, TRUE, '2026-03-06 19:47:08.000+00', '2026-03-06 19:47:08.000+00');
INSERT INTO public.quiz_attempt_answer ("id", "attempt_id", "quiz_question_id", "question_snapshot", "answer_json", "is_correct", "created_at", "updated_at") VALUES (105, 20, 37, '{"original_question_id":12,"type":"matching","content":"Match the following English phrasal verbs with their meanings.","explanation":"Phrasal verbs are composed of a verb and a particle (preposition or adverb), and their meanings are often different from the literal meanings of their components.","metadata":{"pairs":[{"id":1,"left":"look up","right":"find information in a book or on the internet"},{"id":2,"left":"take off","right":"start flying or become successful quickly"},{"id":3,"left":"put off","right":"postpone or delay"},{"id":4,"left":"give up","right":"stop trying or stop having a belief"},{"id":5,"left":"look down on","right":"consider someone or something as inferior"}]},"tags":[3]}'::jsonb, '{"pairs":[5,4,3,2,1]}'::jsonb, FALSE, '2026-03-06 19:47:08.000+00', '2026-03-06 19:47:08.000+00');
INSERT INTO public.quiz_attempt_answer ("id", "attempt_id", "quiz_question_id", "question_snapshot", "answer_json", "is_correct", "created_at", "updated_at") VALUES (106, 21, 32, '{"original_question_id":25,"type":"true_false","content":"The verb ''to be'' is only used in the present tense.","explanation":"The verb ''to be'' is not limited to the present tense. It is also used in other tenses like past (was/were) and future (will be).","metadata":{"correctAnswer":false},"tags":[3]}'::jsonb, '{"answer":false}'::jsonb, NULL, '2026-02-17 01:54:33.000+00', '2026-02-17 01:54:33.000+00');
INSERT INTO public.quiz_attempt_answer ("id", "attempt_id", "quiz_question_id", "question_snapshot", "answer_json", "is_correct", "created_at", "updated_at") VALUES (107, 21, 33, '{"original_question_id":6,"type":"single_choice","content":"Which of the following words means ''to make something new or different''?","explanation":"The word ''innovate'' means to introduce new ideas, methods, or products, making something new or different.","metadata":{"options":[{"id":"a","text":"innovate"},{"id":"b","text":"interrupt"},{"id":"c","text":"inspire"},{"id":"d","text":"invent"}],"correctAnswers":["a"]},"tags":[20,2]}'::jsonb, '{"selected":["a"]}'::jsonb, NULL, '2026-02-17 01:54:33.000+00', '2026-02-17 01:54:33.000+00');
INSERT INTO public.quiz_attempt_answer ("id", "attempt_id", "quiz_question_id", "question_snapshot", "answer_json", "is_correct", "created_at", "updated_at") VALUES (108, 21, 34, '{"original_question_id":18,"type":"matching","content":"Match the correct prepositions with the sentences below.","explanation":"Prepositions are used to describe the relationship between a noun or pronoun and other words in a sentence.","metadata":{"pairs":[{"id":1,"left":"He is standing","right":"on the platform"},{"id":2,"left":"The book is lying","right":"on the table"},{"id":3,"left":"She is looking","right":"at the sky"},{"id":4,"left":"They are running","right":"through the forest"},{"id":5,"left":"The dog is sitting","right":"next to the tree"}]},"tags":[2,19]}'::jsonb, '{"pairs":[5,4,3,2,1]}'::jsonb, NULL, '2026-02-17 01:54:33.000+00', '2026-02-17 01:54:33.000+00');
INSERT INTO public.quiz_attempt_answer ("id", "attempt_id", "quiz_question_id", "question_snapshot", "answer_json", "is_correct", "created_at", "updated_at") VALUES (109, 21, 35, '{"original_question_id":21,"type":"multiple_choice","content":"Which of the following is the correct past tense form of the verb ''to go''?","explanation":"The correct answer is ''went'' because it is the standard past tense form of ''to go''.","metadata":{"options":[{"id":"a","text":"goed"},{"id":"b","text":"gone"},{"id":"c","text":"went"},{"id":"d","text":"going"}],"correctAnswers":["c"]},"tags":[19]}'::jsonb, '{"selected":["c"]}'::jsonb, NULL, '2026-02-17 01:54:33.000+00', '2026-02-17 01:54:33.000+00');
INSERT INTO public.quiz_attempt_answer ("id", "attempt_id", "quiz_question_id", "question_snapshot", "answer_json", "is_correct", "created_at", "updated_at") VALUES (110, 21, 36, '{"original_question_id":7,"type":"matching","content":"Match the following English prepositions with their correct meanings:","explanation":"Correct matches will align the prepositions with their appropriate definitions, which is essential for proper sentence construction and comprehension.","metadata":{"pairs":[{"id":1,"left":"in","right":"inside a container or position"},{"id":2,"left":"on","right":"touching the surface of"},{"id":3,"left":"under","right":"below and in contact with"},{"id":4,"left":"over","right":"above and not touching"},{"id":5,"left":"at","right":"indicating a specific place or time"}]},"tags":[19,3,5]}'::jsonb, '{"pairs":[1,2,3,4,5]}'::jsonb, NULL, '2026-02-17 01:54:33.000+00', '2026-02-17 01:54:33.000+00');
INSERT INTO public.quiz_attempt_answer ("id", "attempt_id", "quiz_question_id", "question_snapshot", "answer_json", "is_correct", "created_at", "updated_at") VALUES (111, 21, 37, '{"original_question_id":12,"type":"matching","content":"Match the following English phrasal verbs with their meanings.","explanation":"Phrasal verbs are composed of a verb and a particle (preposition or adverb), and their meanings are often different from the literal meanings of their components.","metadata":{"pairs":[{"id":1,"left":"look up","right":"find information in a book or on the internet"},{"id":2,"left":"take off","right":"start flying or become successful quickly"},{"id":3,"left":"put off","right":"postpone or delay"},{"id":4,"left":"give up","right":"stop trying or stop having a belief"},{"id":5,"left":"look down on","right":"consider someone or something as inferior"}]},"tags":[3]}'::jsonb, '{"pairs":[5,4,3,2,1]}'::jsonb, NULL, '2026-02-17 01:54:33.000+00', '2026-02-17 01:54:33.000+00');
INSERT INTO public.quiz_attempt_answer ("id", "attempt_id", "quiz_question_id", "question_snapshot", "answer_json", "is_correct", "created_at", "updated_at") VALUES (112, 22, 38, '{"original_question_id":19,"type":"flashcard","content":"What is the past tense form of the verb ''to go''?","explanation":"The past tense form of ''to go'' is ''went''.","metadata":{"flashcard":{"front":"to go (past tense)","back":"went"}},"tags":[17]}'::jsonb, '{"remembered":false}'::jsonb, NULL, '2026-02-25 15:43:31.000+00', '2026-02-25 15:43:31.000+00');
INSERT INTO public.quiz_attempt_answer ("id", "attempt_id", "quiz_question_id", "question_snapshot", "answer_json", "is_correct", "created_at", "updated_at") VALUES (113, 22, 39, '{"original_question_id":12,"type":"matching","content":"Match the following English phrasal verbs with their meanings.","explanation":"Phrasal verbs are composed of a verb and a particle (preposition or adverb), and their meanings are often different from the literal meanings of their components.","metadata":{"pairs":[{"id":1,"left":"look up","right":"find information in a book or on the internet"},{"id":2,"left":"take off","right":"start flying or become successful quickly"},{"id":3,"left":"put off","right":"postpone or delay"},{"id":4,"left":"give up","right":"stop trying or stop having a belief"},{"id":5,"left":"look down on","right":"consider someone or something as inferior"}]},"tags":[3]}'::jsonb, '{"pairs":[1,2,3,4,5]}'::jsonb, NULL, '2026-02-25 15:43:31.000+00', '2026-02-25 15:43:31.000+00');
INSERT INTO public.quiz_attempt_answer ("id", "attempt_id", "quiz_question_id", "question_snapshot", "answer_json", "is_correct", "created_at", "updated_at") VALUES (114, 22, 40, '{"original_question_id":10,"type":"ordering","content":"Arrange the steps of making a cup of tea in the correct order.","explanation":"The correct order is to boil water, add tea leaves, steep for a few minutes, and then strain the tea before adding milk and sugar.","metadata":{"items":[{"text":"Boil water","order_id":1},{"text":"Add tea leaves","order_id":2},{"text":"Steep for a few minutes","order_id":3},{"text":"Strain the tea","order_id":4},{"text":"Add milk and sugar","order_id":5}]},"tags":[14,1,19]}'::jsonb, '{"order":[1,2,3,4,5]}'::jsonb, NULL, '2026-02-25 15:43:31.000+00', '2026-02-25 15:43:31.000+00');
INSERT INTO public.quiz_attempt_answer ("id", "attempt_id", "quiz_question_id", "question_snapshot", "answer_json", "is_correct", "created_at", "updated_at") VALUES (115, 23, 38, '{"original_question_id":19,"type":"flashcard","content":"What is the past tense form of the verb ''to go''?","explanation":"The past tense form of ''to go'' is ''went''.","metadata":{"flashcard":{"front":"to go (past tense)","back":"went"}},"tags":[17]}'::jsonb, '{"remembered":true}'::jsonb, NULL, '2026-03-03 02:57:43.000+00', '2026-03-03 02:57:43.000+00');
INSERT INTO public.quiz_attempt_answer ("id", "attempt_id", "quiz_question_id", "question_snapshot", "answer_json", "is_correct", "created_at", "updated_at") VALUES (116, 23, 39, '{"original_question_id":12,"type":"matching","content":"Match the following English phrasal verbs with their meanings.","explanation":"Phrasal verbs are composed of a verb and a particle (preposition or adverb), and their meanings are often different from the literal meanings of their components.","metadata":{"pairs":[{"id":1,"left":"look up","right":"find information in a book or on the internet"},{"id":2,"left":"take off","right":"start flying or become successful quickly"},{"id":3,"left":"put off","right":"postpone or delay"},{"id":4,"left":"give up","right":"stop trying or stop having a belief"},{"id":5,"left":"look down on","right":"consider someone or something as inferior"}]},"tags":[3]}'::jsonb, '{"pairs":[5,4,3,2,1]}'::jsonb, NULL, '2026-03-03 02:57:43.000+00', '2026-03-03 02:57:43.000+00');
INSERT INTO public.quiz_attempt_answer ("id", "attempt_id", "quiz_question_id", "question_snapshot", "answer_json", "is_correct", "created_at", "updated_at") VALUES (117, 23, 40, '{"original_question_id":10,"type":"ordering","content":"Arrange the steps of making a cup of tea in the correct order.","explanation":"The correct order is to boil water, add tea leaves, steep for a few minutes, and then strain the tea before adding milk and sugar.","metadata":{"items":[{"text":"Boil water","order_id":1},{"text":"Add tea leaves","order_id":2},{"text":"Steep for a few minutes","order_id":3},{"text":"Strain the tea","order_id":4},{"text":"Add milk and sugar","order_id":5}]},"tags":[14,1,19]}'::jsonb, '{"order":[1,2,3,4,5]}'::jsonb, NULL, '2026-03-03 02:57:43.000+00', '2026-03-03 02:57:43.000+00');
INSERT INTO public.quiz_attempt_answer ("id", "attempt_id", "quiz_question_id", "question_snapshot", "answer_json", "is_correct", "created_at", "updated_at") VALUES (118, 24, 38, '{"original_question_id":19,"type":"flashcard","content":"What is the past tense form of the verb ''to go''?","explanation":"The past tense form of ''to go'' is ''went''.","metadata":{"flashcard":{"front":"to go (past tense)","back":"went"}},"tags":[17]}'::jsonb, '{"remembered":false}'::jsonb, NULL, '2026-03-01 17:24:15.000+00', '2026-03-01 17:24:15.000+00');
INSERT INTO public.quiz_attempt_answer ("id", "attempt_id", "quiz_question_id", "question_snapshot", "answer_json", "is_correct", "created_at", "updated_at") VALUES (119, 24, 39, '{"original_question_id":12,"type":"matching","content":"Match the following English phrasal verbs with their meanings.","explanation":"Phrasal verbs are composed of a verb and a particle (preposition or adverb), and their meanings are often different from the literal meanings of their components.","metadata":{"pairs":[{"id":1,"left":"look up","right":"find information in a book or on the internet"},{"id":2,"left":"take off","right":"start flying or become successful quickly"},{"id":3,"left":"put off","right":"postpone or delay"},{"id":4,"left":"give up","right":"stop trying or stop having a belief"},{"id":5,"left":"look down on","right":"consider someone or something as inferior"}]},"tags":[3]}'::jsonb, '{"pairs":[5,4,3,2,1]}'::jsonb, NULL, '2026-03-01 17:24:15.000+00', '2026-03-01 17:24:15.000+00');
INSERT INTO public.quiz_attempt_answer ("id", "attempt_id", "quiz_question_id", "question_snapshot", "answer_json", "is_correct", "created_at", "updated_at") VALUES (120, 24, 40, '{"original_question_id":10,"type":"ordering","content":"Arrange the steps of making a cup of tea in the correct order.","explanation":"The correct order is to boil water, add tea leaves, steep for a few minutes, and then strain the tea before adding milk and sugar.","metadata":{"items":[{"text":"Boil water","order_id":1},{"text":"Add tea leaves","order_id":2},{"text":"Steep for a few minutes","order_id":3},{"text":"Strain the tea","order_id":4},{"text":"Add milk and sugar","order_id":5}]},"tags":[14,1,19]}'::jsonb, '{"order":[1,2,3,4,5]}'::jsonb, NULL, '2026-03-01 17:24:15.000+00', '2026-03-01 17:24:15.000+00');
INSERT INTO public.quiz_attempt_answer ("id", "attempt_id", "quiz_question_id", "question_snapshot", "answer_json", "is_correct", "created_at", "updated_at") VALUES (121, 25, 41, '{"original_question_id":1,"type":"fill_blank","content":"The ___________ of the sentence is the part that expresses the main idea.","explanation":"The predicate of the sentence includes the verb and its complements, expressing the main action or state of the subject.","metadata":{"answers":["predicate"],"keywords":["sentence","main idea"]},"tags":[9,3]}'::jsonb, '{"answers":["predicate"]}'::jsonb, FALSE, '2026-03-12 11:57:53.000+00', '2026-03-12 11:57:53.000+00');
INSERT INTO public.quiz_attempt_answer ("id", "attempt_id", "quiz_question_id", "question_snapshot", "answer_json", "is_correct", "created_at", "updated_at") VALUES (122, 25, 42, '{"original_question_id":8,"type":"fill_blank","content":"In the sentence ''I have a lot of __________ to do today.'', what is the correct word to fill in the blank?","explanation":"The correct word should be a noun that represents tasks or activities. In this case, ''tasks'' is appropriate.","metadata":{"options":[{"id":"a","text":"tasks"},{"id":"b","text":"books"},{"id":"c","text":"friends"},{"id":"d","text":"dreams"}],"correctAnswers":["a"]},"tags":[18,16,20]}'::jsonb, '{"answers":["answer"]}'::jsonb, FALSE, '2026-03-12 11:57:53.000+00', '2026-03-12 11:57:53.000+00');
INSERT INTO public.quiz_attempt_answer ("id", "attempt_id", "quiz_question_id", "question_snapshot", "answer_json", "is_correct", "created_at", "updated_at") VALUES (123, 25, 43, '{"original_question_id":17,"type":"multiple_choice","content":"Which sentence uses a correct past tense form of the verb ''write''?","explanation":"The past tense of ''write'' is ''wrote''.","metadata":{"options":[{"id":"a","text":"I wrote a letter yesterday."},{"id":"b","text":"I written a letter yesterday."},{"id":"c","text":"I write a letter yesterday."}],"correctAnswers":["a"]},"tags":[5]}'::jsonb, '{"selected":["a"]}'::jsonb, TRUE, '2026-03-12 11:57:53.000+00', '2026-03-12 11:57:53.000+00');
INSERT INTO public.quiz_attempt_answer ("id", "attempt_id", "quiz_question_id", "question_snapshot", "answer_json", "is_correct", "created_at", "updated_at") VALUES (124, 25, 44, '{"original_question_id":15,"type":"true_false","content":"The word ''definitely'' is an adverb that means ''certainly'' or ''without doubt''.","explanation":"The word ''definitely'' is used to express certainty or strong confirmation, which is why it is classified as an adverb.","metadata":{"correctAnswer":true},"tags":[19,7]}'::jsonb, '{"answer":true}'::jsonb, TRUE, '2026-03-12 11:57:53.000+00', '2026-03-12 11:57:53.000+00');
INSERT INTO public.quiz_attempt_answer ("id", "attempt_id", "quiz_question_id", "question_snapshot", "answer_json", "is_correct", "created_at", "updated_at") VALUES (125, 25, 45, '{"original_question_id":16,"type":"multiple_choice","content":"Which sentence correctly uses the past simple tense?","explanation":"The past simple tense is used to describe completed actions in the past. Option A describes an action that is completed, making it correct.","metadata":{"options":[{"id":"a","text":"I went to the store yesterday."},{"id":"b","text":"I go to the store every day."},{"id":"c","text":"I am going to the store now."},{"id":"d","text":"I will go to the store later."}],"correctAnswers":["a"]},"tags":[9,1]}'::jsonb, '{"selected":["a"]}'::jsonb, FALSE, '2026-03-12 11:57:53.000+00', '2026-03-12 11:57:53.000+00');
INSERT INTO public.quiz_attempt_answer ("id", "attempt_id", "quiz_question_id", "question_snapshot", "answer_json", "is_correct", "created_at", "updated_at") VALUES (126, 26, 41, '{"original_question_id":1,"type":"fill_blank","content":"The ___________ of the sentence is the part that expresses the main idea.","explanation":"The predicate of the sentence includes the verb and its complements, expressing the main action or state of the subject.","metadata":{"answers":["predicate"],"keywords":["sentence","main idea"]},"tags":[9,3]}'::jsonb, '{"answers":["predicate"]}'::jsonb, TRUE, '2026-02-20 21:46:35.000+00', '2026-02-20 21:46:35.000+00');
INSERT INTO public.quiz_attempt_answer ("id", "attempt_id", "quiz_question_id", "question_snapshot", "answer_json", "is_correct", "created_at", "updated_at") VALUES (127, 26, 42, '{"original_question_id":8,"type":"fill_blank","content":"In the sentence ''I have a lot of __________ to do today.'', what is the correct word to fill in the blank?","explanation":"The correct word should be a noun that represents tasks or activities. In this case, ''tasks'' is appropriate.","metadata":{"options":[{"id":"a","text":"tasks"},{"id":"b","text":"books"},{"id":"c","text":"friends"},{"id":"d","text":"dreams"}],"correctAnswers":["a"]},"tags":[18,16,20]}'::jsonb, '{"answers":["answer"]}'::jsonb, TRUE, '2026-02-20 21:46:35.000+00', '2026-02-20 21:46:35.000+00');
INSERT INTO public.quiz_attempt_answer ("id", "attempt_id", "quiz_question_id", "question_snapshot", "answer_json", "is_correct", "created_at", "updated_at") VALUES (128, 26, 43, '{"original_question_id":17,"type":"multiple_choice","content":"Which sentence uses a correct past tense form of the verb ''write''?","explanation":"The past tense of ''write'' is ''wrote''.","metadata":{"options":[{"id":"a","text":"I wrote a letter yesterday."},{"id":"b","text":"I written a letter yesterday."},{"id":"c","text":"I write a letter yesterday."}],"correctAnswers":["a"]},"tags":[5]}'::jsonb, '{"selected":["a"]}'::jsonb, FALSE, '2026-02-20 21:46:35.000+00', '2026-02-20 21:46:35.000+00');
INSERT INTO public.quiz_attempt_answer ("id", "attempt_id", "quiz_question_id", "question_snapshot", "answer_json", "is_correct", "created_at", "updated_at") VALUES (129, 26, 44, '{"original_question_id":15,"type":"true_false","content":"The word ''definitely'' is an adverb that means ''certainly'' or ''without doubt''.","explanation":"The word ''definitely'' is used to express certainty or strong confirmation, which is why it is classified as an adverb.","metadata":{"correctAnswer":true},"tags":[19,7]}'::jsonb, '{"answer":true}'::jsonb, FALSE, '2026-02-20 21:46:35.000+00', '2026-02-20 21:46:35.000+00');
INSERT INTO public.quiz_attempt_answer ("id", "attempt_id", "quiz_question_id", "question_snapshot", "answer_json", "is_correct", "created_at", "updated_at") VALUES (130, 26, 45, '{"original_question_id":16,"type":"multiple_choice","content":"Which sentence correctly uses the past simple tense?","explanation":"The past simple tense is used to describe completed actions in the past. Option A describes an action that is completed, making it correct.","metadata":{"options":[{"id":"a","text":"I went to the store yesterday."},{"id":"b","text":"I go to the store every day."},{"id":"c","text":"I am going to the store now."},{"id":"d","text":"I will go to the store later."}],"correctAnswers":["a"]},"tags":[9,1]}'::jsonb, '{"selected":["a"]}'::jsonb, TRUE, '2026-02-20 21:46:35.000+00', '2026-02-20 21:46:35.000+00');
INSERT INTO public.quiz_attempt_answer ("id", "attempt_id", "quiz_question_id", "question_snapshot", "answer_json", "is_correct", "created_at", "updated_at") VALUES (131, 27, 41, '{"original_question_id":1,"type":"fill_blank","content":"The ___________ of the sentence is the part that expresses the main idea.","explanation":"The predicate of the sentence includes the verb and its complements, expressing the main action or state of the subject.","metadata":{"answers":["predicate"],"keywords":["sentence","main idea"]},"tags":[9,3]}'::jsonb, '{"answers":["predicate"]}'::jsonb, NULL, '2026-03-12 01:30:52.000+00', '2026-03-12 01:30:52.000+00');
INSERT INTO public.quiz_attempt_answer ("id", "attempt_id", "quiz_question_id", "question_snapshot", "answer_json", "is_correct", "created_at", "updated_at") VALUES (132, 27, 42, '{"original_question_id":8,"type":"fill_blank","content":"In the sentence ''I have a lot of __________ to do today.'', what is the correct word to fill in the blank?","explanation":"The correct word should be a noun that represents tasks or activities. In this case, ''tasks'' is appropriate.","metadata":{"options":[{"id":"a","text":"tasks"},{"id":"b","text":"books"},{"id":"c","text":"friends"},{"id":"d","text":"dreams"}],"correctAnswers":["a"]},"tags":[18,16,20]}'::jsonb, '{"answers":["answer"]}'::jsonb, NULL, '2026-03-12 01:30:52.000+00', '2026-03-12 01:30:52.000+00');
INSERT INTO public.quiz_attempt_answer ("id", "attempt_id", "quiz_question_id", "question_snapshot", "answer_json", "is_correct", "created_at", "updated_at") VALUES (133, 27, 43, '{"original_question_id":17,"type":"multiple_choice","content":"Which sentence uses a correct past tense form of the verb ''write''?","explanation":"The past tense of ''write'' is ''wrote''.","metadata":{"options":[{"id":"a","text":"I wrote a letter yesterday."},{"id":"b","text":"I written a letter yesterday."},{"id":"c","text":"I write a letter yesterday."}],"correctAnswers":["a"]},"tags":[5]}'::jsonb, '{"selected":["a"]}'::jsonb, NULL, '2026-03-12 01:30:52.000+00', '2026-03-12 01:30:52.000+00');
INSERT INTO public.quiz_attempt_answer ("id", "attempt_id", "quiz_question_id", "question_snapshot", "answer_json", "is_correct", "created_at", "updated_at") VALUES (134, 27, 44, '{"original_question_id":15,"type":"true_false","content":"The word ''definitely'' is an adverb that means ''certainly'' or ''without doubt''.","explanation":"The word ''definitely'' is used to express certainty or strong confirmation, which is why it is classified as an adverb.","metadata":{"correctAnswer":true},"tags":[19,7]}'::jsonb, '{"answer":false}'::jsonb, NULL, '2026-03-12 01:30:52.000+00', '2026-03-12 01:30:52.000+00');
INSERT INTO public.quiz_attempt_answer ("id", "attempt_id", "quiz_question_id", "question_snapshot", "answer_json", "is_correct", "created_at", "updated_at") VALUES (135, 27, 45, '{"original_question_id":16,"type":"multiple_choice","content":"Which sentence correctly uses the past simple tense?","explanation":"The past simple tense is used to describe completed actions in the past. Option A describes an action that is completed, making it correct.","metadata":{"options":[{"id":"a","text":"I went to the store yesterday."},{"id":"b","text":"I go to the store every day."},{"id":"c","text":"I am going to the store now."},{"id":"d","text":"I will go to the store later."}],"correctAnswers":["a"]},"tags":[9,1]}'::jsonb, '{"selected":["a"]}'::jsonb, NULL, '2026-03-12 01:30:52.000+00', '2026-03-12 01:30:52.000+00');
INSERT INTO public.quiz_attempt_answer ("id", "attempt_id", "quiz_question_id", "question_snapshot", "answer_json", "is_correct", "created_at", "updated_at") VALUES (136, 28, 46, '{"original_question_id":4,"type":"ordering","content":"Arrange the sentences in the correct order to form a coherent paragraph about starting a day.","explanation":"The correct order helps in understanding the sequence of activities typically followed in starting a day.","metadata":{"ordering":{"items":[{"text":"Get out of bed","order_id":1},{"text":"Eat breakfast","order_id":2},{"text":"Take a shower","order_id":3},{"text":"Go to work/school","order_id":4}]}},"tags":[5,1]}'::jsonb, '{"order":[]}'::jsonb, FALSE, '2026-03-01 07:06:00.000+00', '2026-03-01 07:06:00.000+00');
INSERT INTO public.quiz_attempt_answer ("id", "attempt_id", "quiz_question_id", "question_snapshot", "answer_json", "is_correct", "created_at", "updated_at") VALUES (137, 28, 47, '{"original_question_id":8,"type":"fill_blank","content":"In the sentence ''I have a lot of __________ to do today.'', what is the correct word to fill in the blank?","explanation":"The correct word should be a noun that represents tasks or activities. In this case, ''tasks'' is appropriate.","metadata":{"options":[{"id":"a","text":"tasks"},{"id":"b","text":"books"},{"id":"c","text":"friends"},{"id":"d","text":"dreams"}],"correctAnswers":["a"]},"tags":[18,16,20]}'::jsonb, '{"answers":["answer"]}'::jsonb, FALSE, '2026-03-01 07:06:00.000+00', '2026-03-01 07:06:00.000+00');
INSERT INTO public.quiz_attempt_answer ("id", "attempt_id", "quiz_question_id", "question_snapshot", "answer_json", "is_correct", "created_at", "updated_at") VALUES (138, 28, 48, '{"original_question_id":15,"type":"true_false","content":"The word ''definitely'' is an adverb that means ''certainly'' or ''without doubt''.","explanation":"The word ''definitely'' is used to express certainty or strong confirmation, which is why it is classified as an adverb.","metadata":{"correctAnswer":true},"tags":[19,7]}'::jsonb, '{"answer":true}'::jsonb, TRUE, '2026-03-01 07:06:00.000+00', '2026-03-01 07:06:00.000+00');
INSERT INTO public.quiz_attempt_answer ("id", "attempt_id", "quiz_question_id", "question_snapshot", "answer_json", "is_correct", "created_at", "updated_at") VALUES (139, 29, 46, '{"original_question_id":4,"type":"ordering","content":"Arrange the sentences in the correct order to form a coherent paragraph about starting a day.","explanation":"The correct order helps in understanding the sequence of activities typically followed in starting a day.","metadata":{"ordering":{"items":[{"text":"Get out of bed","order_id":1},{"text":"Eat breakfast","order_id":2},{"text":"Take a shower","order_id":3},{"text":"Go to work/school","order_id":4}]}},"tags":[5,1]}'::jsonb, '{"order":[]}'::jsonb, NULL, '2026-03-06 14:47:54.000+00', '2026-03-06 14:47:54.000+00');
INSERT INTO public.quiz_attempt_answer ("id", "attempt_id", "quiz_question_id", "question_snapshot", "answer_json", "is_correct", "created_at", "updated_at") VALUES (140, 29, 47, '{"original_question_id":8,"type":"fill_blank","content":"In the sentence ''I have a lot of __________ to do today.'', what is the correct word to fill in the blank?","explanation":"The correct word should be a noun that represents tasks or activities. In this case, ''tasks'' is appropriate.","metadata":{"options":[{"id":"a","text":"tasks"},{"id":"b","text":"books"},{"id":"c","text":"friends"},{"id":"d","text":"dreams"}],"correctAnswers":["a"]},"tags":[18,16,20]}'::jsonb, '{"answers":["answer"]}'::jsonb, NULL, '2026-03-06 14:47:54.000+00', '2026-03-06 14:47:54.000+00');
INSERT INTO public.quiz_attempt_answer ("id", "attempt_id", "quiz_question_id", "question_snapshot", "answer_json", "is_correct", "created_at", "updated_at") VALUES (141, 29, 48, '{"original_question_id":15,"type":"true_false","content":"The word ''definitely'' is an adverb that means ''certainly'' or ''without doubt''.","explanation":"The word ''definitely'' is used to express certainty or strong confirmation, which is why it is classified as an adverb.","metadata":{"correctAnswer":true},"tags":[19,7]}'::jsonb, '{"answer":false}'::jsonb, NULL, '2026-03-06 14:47:54.000+00', '2026-03-06 14:47:54.000+00');
INSERT INTO public.quiz_attempt_answer ("id", "attempt_id", "quiz_question_id", "question_snapshot", "answer_json", "is_correct", "created_at", "updated_at") VALUES (142, 30, 46, '{"original_question_id":4,"type":"ordering","content":"Arrange the sentences in the correct order to form a coherent paragraph about starting a day.","explanation":"The correct order helps in understanding the sequence of activities typically followed in starting a day.","metadata":{"ordering":{"items":[{"text":"Get out of bed","order_id":1},{"text":"Eat breakfast","order_id":2},{"text":"Take a shower","order_id":3},{"text":"Go to work/school","order_id":4}]}},"tags":[5,1]}'::jsonb, '{"order":[]}'::jsonb, NULL, '2026-02-18 20:18:04.000+00', '2026-02-18 20:18:04.000+00');
INSERT INTO public.quiz_attempt_answer ("id", "attempt_id", "quiz_question_id", "question_snapshot", "answer_json", "is_correct", "created_at", "updated_at") VALUES (143, 30, 47, '{"original_question_id":8,"type":"fill_blank","content":"In the sentence ''I have a lot of __________ to do today.'', what is the correct word to fill in the blank?","explanation":"The correct word should be a noun that represents tasks or activities. In this case, ''tasks'' is appropriate.","metadata":{"options":[{"id":"a","text":"tasks"},{"id":"b","text":"books"},{"id":"c","text":"friends"},{"id":"d","text":"dreams"}],"correctAnswers":["a"]},"tags":[18,16,20]}'::jsonb, '{"answers":["answer"]}'::jsonb, NULL, '2026-02-18 20:18:04.000+00', '2026-02-18 20:18:04.000+00');
INSERT INTO public.quiz_attempt_answer ("id", "attempt_id", "quiz_question_id", "question_snapshot", "answer_json", "is_correct", "created_at", "updated_at") VALUES (144, 30, 48, '{"original_question_id":15,"type":"true_false","content":"The word ''definitely'' is an adverb that means ''certainly'' or ''without doubt''.","explanation":"The word ''definitely'' is used to express certainty or strong confirmation, which is why it is classified as an adverb.","metadata":{"correctAnswer":true},"tags":[19,7]}'::jsonb, '{"answer":false}'::jsonb, NULL, '2026-02-18 20:18:04.000+00', '2026-02-18 20:18:04.000+00');

-- quiz_view
INSERT INTO public.quiz_view ("id", "quiz_id", "ip_address", "viewed_at", "viewed_hour") VALUES (1, 1, '192.168.77.94', '2026-02-11 17:36:05.000+00', '2026-02-11 17:00:00.000+00');
INSERT INTO public.quiz_view ("id", "quiz_id", "ip_address", "viewed_at", "viewed_hour") VALUES (2, 1, '192.168.155.84', '2026-03-16 05:30:50.000+00', '2026-03-16 05:00:00.000+00');
INSERT INTO public.quiz_view ("id", "quiz_id", "ip_address", "viewed_at", "viewed_hour") VALUES (3, 1, '192.168.203.188', '2026-03-05 15:48:47.000+00', '2026-03-05 15:00:00.000+00');
INSERT INTO public.quiz_view ("id", "quiz_id", "ip_address", "viewed_at", "viewed_hour") VALUES (4, 1, '192.168.189.125', '2026-02-20 05:15:48.000+00', '2026-02-20 05:00:00.000+00');
INSERT INTO public.quiz_view ("id", "quiz_id", "ip_address", "viewed_at", "viewed_hour") VALUES (5, 1, '192.168.161.118', '2026-02-16 11:33:47.000+00', '2026-02-16 11:00:00.000+00');
INSERT INTO public.quiz_view ("id", "quiz_id", "ip_address", "viewed_at", "viewed_hour") VALUES (6, 1, '192.168.157.103', '2026-03-02 23:48:35.000+00', '2026-03-02 23:00:00.000+00');
INSERT INTO public.quiz_view ("id", "quiz_id", "ip_address", "viewed_at", "viewed_hour") VALUES (7, 2, '192.168.110.108', '2026-03-05 02:23:11.000+00', '2026-03-05 02:00:00.000+00');
INSERT INTO public.quiz_view ("id", "quiz_id", "ip_address", "viewed_at", "viewed_hour") VALUES (8, 2, '192.168.121.178', '2026-03-13 20:57:31.000+00', '2026-03-13 20:00:00.000+00');
INSERT INTO public.quiz_view ("id", "quiz_id", "ip_address", "viewed_at", "viewed_hour") VALUES (9, 2, '192.168.175.241', '2026-03-18 11:20:51.000+00', '2026-03-18 11:00:00.000+00');
INSERT INTO public.quiz_view ("id", "quiz_id", "ip_address", "viewed_at", "viewed_hour") VALUES (10, 2, '192.168.150.81', '2026-02-21 13:39:15.000+00', '2026-02-21 13:00:00.000+00');
INSERT INTO public.quiz_view ("id", "quiz_id", "ip_address", "viewed_at", "viewed_hour") VALUES (11, 2, '192.168.242.15', '2026-03-07 04:29:51.000+00', '2026-03-07 04:00:00.000+00');
INSERT INTO public.quiz_view ("id", "quiz_id", "ip_address", "viewed_at", "viewed_hour") VALUES (12, 3, '192.168.160.134', '2026-03-03 12:48:00.000+00', '2026-03-03 12:00:00.000+00');
INSERT INTO public.quiz_view ("id", "quiz_id", "ip_address", "viewed_at", "viewed_hour") VALUES (13, 3, '192.168.246.46', '2026-02-19 03:54:15.000+00', '2026-02-19 03:00:00.000+00');
INSERT INTO public.quiz_view ("id", "quiz_id", "ip_address", "viewed_at", "viewed_hour") VALUES (14, 3, '192.168.126.79', '2026-02-20 04:29:25.000+00', '2026-02-20 04:00:00.000+00');
INSERT INTO public.quiz_view ("id", "quiz_id", "ip_address", "viewed_at", "viewed_hour") VALUES (15, 4, '192.168.47.159', '2026-03-11 00:47:01.000+00', '2026-03-11 00:00:00.000+00');
INSERT INTO public.quiz_view ("id", "quiz_id", "ip_address", "viewed_at", "viewed_hour") VALUES (16, 4, '192.168.19.12', '2026-03-11 04:24:11.000+00', '2026-03-11 04:00:00.000+00');
INSERT INTO public.quiz_view ("id", "quiz_id", "ip_address", "viewed_at", "viewed_hour") VALUES (17, 4, '192.168.148.231', '2026-02-17 11:58:08.000+00', '2026-02-17 11:00:00.000+00');
INSERT INTO public.quiz_view ("id", "quiz_id", "ip_address", "viewed_at", "viewed_hour") VALUES (18, 4, '192.168.212.122', '2026-02-08 05:56:51.000+00', '2026-02-08 05:00:00.000+00');
INSERT INTO public.quiz_view ("id", "quiz_id", "ip_address", "viewed_at", "viewed_hour") VALUES (19, 4, '192.168.87.254', '2026-02-10 21:34:57.000+00', '2026-02-10 21:00:00.000+00');
INSERT INTO public.quiz_view ("id", "quiz_id", "ip_address", "viewed_at", "viewed_hour") VALUES (20, 5, '192.168.217.21', '2026-03-15 23:37:54.000+00', '2026-03-15 23:00:00.000+00');
INSERT INTO public.quiz_view ("id", "quiz_id", "ip_address", "viewed_at", "viewed_hour") VALUES (21, 5, '192.168.249.124', '2026-02-28 15:07:44.000+00', '2026-02-28 15:00:00.000+00');
INSERT INTO public.quiz_view ("id", "quiz_id", "ip_address", "viewed_at", "viewed_hour") VALUES (22, 5, '192.168.244.173', '2026-03-16 11:16:42.000+00', '2026-03-16 11:00:00.000+00');
INSERT INTO public.quiz_view ("id", "quiz_id", "ip_address", "viewed_at", "viewed_hour") VALUES (23, 5, '192.168.156.150', '2026-03-03 02:22:06.000+00', '2026-03-03 02:00:00.000+00');
INSERT INTO public.quiz_view ("id", "quiz_id", "ip_address", "viewed_at", "viewed_hour") VALUES (24, 5, '192.168.164.134', '2026-02-23 01:13:13.000+00', '2026-02-23 01:00:00.000+00');
INSERT INTO public.quiz_view ("id", "quiz_id", "ip_address", "viewed_at", "viewed_hour") VALUES (25, 6, '192.168.35.63', '2026-02-28 23:48:55.000+00', '2026-02-28 23:00:00.000+00');
INSERT INTO public.quiz_view ("id", "quiz_id", "ip_address", "viewed_at", "viewed_hour") VALUES (26, 6, '192.168.80.103', '2026-03-01 11:28:32.000+00', '2026-03-01 11:00:00.000+00');
INSERT INTO public.quiz_view ("id", "quiz_id", "ip_address", "viewed_at", "viewed_hour") VALUES (27, 6, '192.168.33.195', '2026-03-04 00:47:57.000+00', '2026-03-04 00:00:00.000+00');
INSERT INTO public.quiz_view ("id", "quiz_id", "ip_address", "viewed_at", "viewed_hour") VALUES (28, 6, '192.168.42.69', '2026-02-27 05:36:36.000+00', '2026-02-27 05:00:00.000+00');
INSERT INTO public.quiz_view ("id", "quiz_id", "ip_address", "viewed_at", "viewed_hour") VALUES (29, 6, '192.168.108.116', '2026-02-14 06:55:50.000+00', '2026-02-14 06:00:00.000+00');
INSERT INTO public.quiz_view ("id", "quiz_id", "ip_address", "viewed_at", "viewed_hour") VALUES (30, 6, '192.168.88.104', '2026-02-16 16:38:24.000+00', '2026-02-16 16:00:00.000+00');
INSERT INTO public.quiz_view ("id", "quiz_id", "ip_address", "viewed_at", "viewed_hour") VALUES (31, 7, '192.168.73.199', '2026-02-25 06:23:24.000+00', '2026-02-25 06:00:00.000+00');
INSERT INTO public.quiz_view ("id", "quiz_id", "ip_address", "viewed_at", "viewed_hour") VALUES (32, 7, '192.168.15.229', '2026-03-14 00:11:12.000+00', '2026-03-14 00:00:00.000+00');
INSERT INTO public.quiz_view ("id", "quiz_id", "ip_address", "viewed_at", "viewed_hour") VALUES (33, 7, '192.168.241.82', '2026-03-09 16:59:43.000+00', '2026-03-09 16:00:00.000+00');
INSERT INTO public.quiz_view ("id", "quiz_id", "ip_address", "viewed_at", "viewed_hour") VALUES (34, 7, '192.168.102.209', '2026-03-06 02:04:47.000+00', '2026-03-06 02:00:00.000+00');
INSERT INTO public.quiz_view ("id", "quiz_id", "ip_address", "viewed_at", "viewed_hour") VALUES (35, 8, '192.168.238.164', '2026-03-12 04:18:39.000+00', '2026-03-12 04:00:00.000+00');
INSERT INTO public.quiz_view ("id", "quiz_id", "ip_address", "viewed_at", "viewed_hour") VALUES (36, 8, '192.168.43.120', '2026-02-27 08:18:57.000+00', '2026-02-27 08:00:00.000+00');
INSERT INTO public.quiz_view ("id", "quiz_id", "ip_address", "viewed_at", "viewed_hour") VALUES (37, 9, '192.168.247.54', '2026-03-16 15:51:26.000+00', '2026-03-16 15:00:00.000+00');
INSERT INTO public.quiz_view ("id", "quiz_id", "ip_address", "viewed_at", "viewed_hour") VALUES (38, 9, '192.168.254.21', '2026-02-14 13:04:39.000+00', '2026-02-14 13:00:00.000+00');
INSERT INTO public.quiz_view ("id", "quiz_id", "ip_address", "viewed_at", "viewed_hour") VALUES (39, 10, '192.168.95.116', '2026-02-15 05:51:34.000+00', '2026-02-15 05:00:00.000+00');
INSERT INTO public.quiz_view ("id", "quiz_id", "ip_address", "viewed_at", "viewed_hour") VALUES (40, 10, '192.168.233.93', '2026-02-20 23:47:01.000+00', '2026-02-20 23:00:00.000+00');
INSERT INTO public.quiz_view ("id", "quiz_id", "ip_address", "viewed_at", "viewed_hour") VALUES (41, 10, '192.168.196.64', '2026-03-03 01:46:18.000+00', '2026-03-03 01:00:00.000+00');
INSERT INTO public.quiz_view ("id", "quiz_id", "ip_address", "viewed_at", "viewed_hour") VALUES (42, 10, '192.168.78.37', '2026-03-02 04:32:12.000+00', '2026-03-02 04:00:00.000+00');
INSERT INTO public.quiz_view ("id", "quiz_id", "ip_address", "viewed_at", "viewed_hour") VALUES (43, 10, '192.168.186.206', '2026-03-16 20:06:06.000+00', '2026-03-16 20:00:00.000+00');

-- comment
INSERT INTO public.comment ("id", "user_id", "parent_id", "target_type", "target_id", "content", "deleted_at", "edited_at", "created_at") VALUES (1, 13, NULL, 'source', 5, 'This source is very helpful, but could you provide more examples of idiomatic expressions?', NULL, NULL, '2026-02-23 21:32:15.000+00');
INSERT INTO public.comment ("id", "user_id", "parent_id", "target_type", "target_id", "content", "deleted_at", "edited_at", "created_at") VALUES (2, 11, NULL, 'source', 6, 'I really appreciate the examples you provide in the lesson, but could you add more sentences using the present perfect tense? It helps me understand better!', NULL, '2026-03-13 22:47:27.000+00', '2026-03-16 07:14:03.000+00');
INSERT INTO public.comment ("id", "user_id", "parent_id", "target_type", "target_id", "content", "deleted_at", "edited_at", "created_at") VALUES (3, 7, NULL, 'question', 6, 'Thank you for the question; it really helped me understand the difference between "affect" and "effect"!', NULL, '2026-03-17 23:37:47.000+00', '2026-02-26 12:21:31.000+00');
INSERT INTO public.comment ("id", "user_id", "parent_id", "target_type", "target_id", "content", "deleted_at", "edited_at", "created_at") VALUES (4, 10, NULL, 'source', 8, 'This source has really helped me understand verb tenses better, but I''m still unsure about how to use them in past perfect sentences. Can anyone provide a few examples?', NULL, '2026-03-16 18:43:20.000+00', '2026-03-09 01:26:56.000+00');
INSERT INTO public.comment ("id", "user_id", "parent_id", "target_type", "target_id", "content", "deleted_at", "edited_at", "created_at") VALUES (5, 4, NULL, 'question', 21, 'Thank you for the question; it really helped me understand the topic better!', NULL, '2026-03-14 03:54:16.000+00', '2026-03-18 10:04:04.000+00');
INSERT INTO public.comment ("id", "user_id", "parent_id", "target_type", "target_id", "content", "deleted_at", "edited_at", "created_at") VALUES (6, 7, NULL, 'quiz', 2, 'The quiz was quite challenging but very helpful in testing my knowledge. Could you provide more examples of idiomatic expressions?', '2026-03-17 17:57:17.000+00', NULL, '2026-03-02 13:42:20.000+00');
INSERT INTO public.comment ("id", "user_id", "parent_id", "target_type", "target_id", "content", "deleted_at", "edited_at", "created_at") VALUES (7, 13, NULL, 'quiz', 7, 'The quiz was helpful, but could there be more questions on verb tenses?', NULL, '2026-03-16 17:50:25.000+00', '2026-02-28 15:49:38.000+00');
INSERT INTO public.comment ("id", "user_id", "parent_id", "target_type", "target_id", "content", "deleted_at", "edited_at", "created_at") VALUES (8, 5, NULL, 'quiz', 7, 'The quiz questions are really helpful, but could you add more examples for the irregular verbs?', NULL, '2026-03-19 16:44:44.000+00', '2026-02-28 22:32:47.000+00');
INSERT INTO public.comment ("id", "user_id", "parent_id", "target_type", "target_id", "content", "deleted_at", "edited_at", "created_at") VALUES (9, 9, NULL, 'source', 2, 'This video really helped me understand the basics of past tense, but I''m still a bit confused about irregular verbs. Could you explain those in more detail?', NULL, '2026-03-16 13:43:55.000+00', '2026-02-26 14:04:28.000+00');
INSERT INTO public.comment ("id", "user_id", "parent_id", "target_type", "target_id", "content", "deleted_at", "edited_at", "created_at") VALUES (10, 7, NULL, 'quiz', 5, 'The quiz questions were quite challenging but very helpful for my learning! Can you provide more explanations for some of the answers?', NULL, '2026-03-18 07:39:41.000+00', '2026-03-12 16:10:30.000+00');
INSERT INTO public.comment ("id", "user_id", "parent_id", "target_type", "target_id", "content", "deleted_at", "edited_at", "created_at") VALUES (11, 8, NULL, 'quiz', 10, 'The quiz questions were quite challenging but helpful for improving my vocabulary. Could you provide more examples for the idiomatic expressions we encountered?', NULL, '2026-03-16 08:39:16.000+00', '2026-03-15 04:24:05.000+00');
INSERT INTO public.comment ("id", "user_id", "parent_id", "target_type", "target_id", "content", "deleted_at", "edited_at", "created_at") VALUES (12, 11, NULL, 'question', 4, 'I''m still a bit confused about when to use "there," "their," and "they''re." Could you give me a quick example of each?', NULL, NULL, '2026-03-03 03:20:17.000+00');
INSERT INTO public.comment ("id", "user_id", "parent_id", "target_type", "target_id", "content", "deleted_at", "edited_at", "created_at") VALUES (13, 9, NULL, 'source', 7, 'This source has really helped me understand verb tenses better, but I''m still unsure about when to use past perfect. Could you provide more examples?', NULL, NULL, '2026-03-01 21:57:11.000+00');
INSERT INTO public.comment ("id", "user_id", "parent_id", "target_type", "target_id", "content", "deleted_at", "edited_at", "created_at") VALUES (14, 10, NULL, 'question', 24, 'This question about verb tenses is really helpful, but could you give an example with different tenses to make it clearer?', NULL, '2026-03-15 01:14:10.000+00', '2026-03-03 23:37:23.000+00');
INSERT INTO public.comment ("id", "user_id", "parent_id", "target_type", "target_id", "content", "deleted_at", "edited_at", "created_at") VALUES (15, 9, NULL, 'question', 12, 'I''m still a bit confused about the difference between "affect" and "effect." Could you give me an example of each?', NULL, '2026-03-19 00:20:25.000+00', '2026-03-07 05:01:30.000+00');
INSERT INTO public.comment ("id", "user_id", "parent_id", "target_type", "target_id", "content", "deleted_at", "edited_at", "created_at") VALUES (16, 9, NULL, 'source', 9, 'This reading material seems a bit too advanced for me. Could you recommend something simpler?', NULL, '2026-03-17 15:56:22.000+00', '2026-02-24 18:22:01.000+00');
INSERT INTO public.comment ("id", "user_id", "parent_id", "target_type", "target_id", "content", "deleted_at", "edited_at", "created_at") VALUES (17, 5, NULL, 'question', 16, 'This question is a bit confusing; could you give an example?', NULL, '2026-03-14 18:20:43.000+00', '2026-02-18 07:13:45.000+00');
INSERT INTO public.comment ("id", "user_id", "parent_id", "target_type", "target_id", "content", "deleted_at", "edited_at", "created_at") VALUES (18, 13, NULL, 'source', 4, 'This source is really helpful, but could you provide more examples with different tenses?', '2026-03-17 00:18:33.000+00', '2026-03-13 22:50:35.000+00', '2026-03-13 03:00:46.000+00');
INSERT INTO public.comment ("id", "user_id", "parent_id", "target_type", "target_id", "content", "deleted_at", "edited_at", "created_at") VALUES (19, 13, NULL, 'quiz', 1, 'The quiz was quite challenging but very helpful for improving my vocabulary. Can you provide some more examples for the word "ambiguous"?', NULL, NULL, '2026-03-09 05:48:57.000+00');
INSERT INTO public.comment ("id", "user_id", "parent_id", "target_type", "target_id", "content", "deleted_at", "edited_at", "created_at") VALUES (20, 10, NULL, 'source', 5, 'The grammar guide you provided is very helpful, but I''m still unsure about the use of gerunds. Could you add some examples?', '2026-03-17 22:09:41.000+00', '2026-03-19 06:51:23.000+00', '2026-03-17 08:22:54.000+00');

-- comment_history
INSERT INTO public.comment_history ("id", "comment_id", "content", "edited_at") VALUES (1, 1, 'This source is very helpful, but could you provide more examples of idiomatic expressions?', '2026-02-23 21:32:15.000+00');
INSERT INTO public.comment_history ("id", "comment_id", "content", "edited_at") VALUES (2, 2, 'I really appreciate the examples you provide in the lesson, but could you add more sentences using the present perfect tense? It helps me understand better!', '2026-03-13 22:47:27.000+00');
INSERT INTO public.comment_history ("id", "comment_id", "content", "edited_at") VALUES (3, 3, 'Thank you for the question; it really helped me understand the difference between "affect" and "effect"!', '2026-03-17 23:37:47.000+00');
INSERT INTO public.comment_history ("id", "comment_id", "content", "edited_at") VALUES (4, 4, 'This source has really helped me understand verb tenses better, but I''m still unsure about how to use them in past perfect sentences. Can anyone provide a few examples?', '2026-03-16 18:43:20.000+00');
INSERT INTO public.comment_history ("id", "comment_id", "content", "edited_at") VALUES (5, 5, 'Thank you for the question; it really helped me understand the topic better!', '2026-03-14 03:54:16.000+00');
INSERT INTO public.comment_history ("id", "comment_id", "content", "edited_at") VALUES (6, 6, 'The quiz was quite challenging but very helpful in testing my knowledge. Could you provide more examples of idiomatic expressions?', '2026-03-02 13:42:20.000+00');
INSERT INTO public.comment_history ("id", "comment_id", "content", "edited_at") VALUES (7, 7, 'The quiz was helpful, but could there be more questions on verb tenses?', '2026-03-16 17:50:25.000+00');
INSERT INTO public.comment_history ("id", "comment_id", "content", "edited_at") VALUES (8, 8, 'The quiz questions are really helpful, but could you add more examples for the irregular verbs?', '2026-03-19 16:44:44.000+00');
INSERT INTO public.comment_history ("id", "comment_id", "content", "edited_at") VALUES (9, 9, 'This video really helped me understand the basics of past tense, but I''m still a bit confused about irregular verbs. Could you explain those in more detail?', '2026-03-16 13:43:55.000+00');
INSERT INTO public.comment_history ("id", "comment_id", "content", "edited_at") VALUES (10, 10, 'The quiz questions were quite challenging but very helpful for my learning! Can you provide more explanations for some of the answers?', '2026-03-18 07:39:41.000+00');
INSERT INTO public.comment_history ("id", "comment_id", "content", "edited_at") VALUES (11, 11, 'The quiz questions were quite challenging but helpful for improving my vocabulary. Could you provide more examples for the idiomatic expressions we encountered?', '2026-03-16 08:39:16.000+00');
INSERT INTO public.comment_history ("id", "comment_id", "content", "edited_at") VALUES (12, 12, 'I''m still a bit confused about when to use "there," "their," and "they''re." Could you give me a quick example of each?', '2026-03-03 03:20:17.000+00');
INSERT INTO public.comment_history ("id", "comment_id", "content", "edited_at") VALUES (13, 13, 'This source has really helped me understand verb tenses better, but I''m still unsure about when to use past perfect. Could you provide more examples?', '2026-03-01 21:57:11.000+00');
INSERT INTO public.comment_history ("id", "comment_id", "content", "edited_at") VALUES (14, 14, 'This question about verb tenses is really helpful, but could you give an example with different tenses to make it clearer?', '2026-03-15 01:14:10.000+00');
INSERT INTO public.comment_history ("id", "comment_id", "content", "edited_at") VALUES (15, 15, 'I''m still a bit confused about the difference between "affect" and "effect." Could you give me an example of each?', '2026-03-19 00:20:25.000+00');
INSERT INTO public.comment_history ("id", "comment_id", "content", "edited_at") VALUES (16, 16, 'This reading material seems a bit too advanced for me. Could you recommend something simpler?', '2026-03-17 15:56:22.000+00');
INSERT INTO public.comment_history ("id", "comment_id", "content", "edited_at") VALUES (17, 17, 'This question is a bit confusing; could you give an example?', '2026-03-14 18:20:43.000+00');
INSERT INTO public.comment_history ("id", "comment_id", "content", "edited_at") VALUES (18, 18, 'This source is really helpful, but could you provide more examples with different tenses?', '2026-03-13 22:50:35.000+00');
INSERT INTO public.comment_history ("id", "comment_id", "content", "edited_at") VALUES (19, 19, 'The quiz was quite challenging but very helpful for improving my vocabulary. Can you provide some more examples for the word "ambiguous"?', '2026-03-09 05:48:57.000+00');
INSERT INTO public.comment_history ("id", "comment_id", "content", "edited_at") VALUES (20, 20, 'The grammar guide you provided is very helpful, but I''m still unsure about the use of gerunds. Could you add some examples?', '2026-03-19 06:51:23.000+00');

-- explanation
INSERT INTO public.explanation ("id", "user_id", "source_id", "text_range", "content", "author_type", "editable", "created_at", "updated_at") VALUES (1, 4, 9, '{"start":10,"end":143,"unit":"characters","text":"In the quiet of her study, Mia"}'::jsonb, 'The concept of "active vocabulary" refers to the words and phrases that a learner uses frequently and confidently in speaking and writing. Expanding active vocabulary is crucial for effective communication and reflects a deeper understanding of the language''s nuances.', 'user', TRUE, '2026-03-12 13:40:18.000+00', NULL);
INSERT INTO public.explanation ("id", "user_id", "source_id", "text_range", "content", "author_type", "editable", "created_at", "updated_at") VALUES (2, 10, 3, '{"start":15,"end":75,"unit":"characters","text":"1. Start with the basics: Focu"}'::jsonb, 'The concept of "Learning English Basics" primarily involves mastering fundamental skills such as vocabulary, grammar, and sentence structure, which are essential for effective communication in English. It also includes understanding cultural nuances and idiomatic expressions to improve fluency and comprehension.', 'user', TRUE, '2026-03-08 14:49:14.000+00', NULL);
INSERT INTO public.explanation ("id", "user_id", "source_id", "text_range", "content", "author_type", "editable", "created_at", "updated_at") VALUES (3, 10, 10, '{"start":26,"end":116,"unit":"characters","text":"The article discusses the impo"}'::jsonb, 'The source "Learn English Fundamentals Online" provides an accessible platform for learners to grasp basic English grammar, vocabulary, and pronunciation from home, offering flexibility and personalized learning paths. It covers essential concepts such as sentence structure, verb tenses, and common idioms, enhancing language proficiency through interactive exercises and multimedia content.', 'user', TRUE, '2026-02-28 10:49:36.000+00', '2026-03-15 01:33:52.000+00');
INSERT INTO public.explanation ("id", "user_id", "source_id", "text_range", "content", "author_type", "editable", "created_at", "updated_at") VALUES (4, 4, 3, '{"start":35,"end":97,"unit":"characters","text":"1. Start with the basics: Focu"}'::jsonb, 'Understanding the basic grammatical structures, such as sentence formation, verb tenses, and subject-verb agreement, is crucial for building a strong foundation in English. Practicing these fundamentals regularly helps improve overall language proficiency and communication skills.', 'user', TRUE, '2026-03-15 08:16:13.000+00', '2026-03-16 02:54:21.000+00');
INSERT INTO public.explanation ("id", "user_id", "source_id", "text_range", "content", "author_type", "editable", "created_at", "updated_at") VALUES (5, NULL, 10, '{"start":26,"end":142,"unit":"characters","text":"The article discusses the impo"}'::jsonb, 'The source "Learn English Fundamentals Online" focuses on providing basic English language skills such as grammar, vocabulary, and sentence structure through interactive online modules and exercises. This approach allows learners to practice and improve their English language abilities at their own pace from anywhere with internet access.', 'system', TRUE, '2026-02-27 09:08:21.000+00', '2026-03-15 07:03:50.000+00');
INSERT INTO public.explanation ("id", "user_id", "source_id", "text_range", "content", "author_type", "editable", "created_at", "updated_at") VALUES (6, 3, 4, '{"start":17,"end":120,"unit":"characters","text":"As I flipped through the pages"}'::jsonb, 'The concept of "phonetic transcription" explained in "Unlocking English: A Comprehensive Guide" involves using symbols to represent the sounds of English, helping learners to pronounce words more accurately by understanding how sounds are formed. This method is crucial for improving pronunciation and listening skills.', 'user', TRUE, '2026-03-14 14:59:37.000+00', '2026-03-18 03:02:38.000+00');
INSERT INTO public.explanation ("id", "user_id", "source_id", "text_range", "content", "author_type", "editable", "created_at", "updated_at") VALUES (7, NULL, 12, '{"start":7,"end":126,"unit":"characters","text":"1. Practice Regularly: Consist"}'::jsonb, 'The English Learning Journey is a structured path designed to help learners progress from beginner to advanced levels through consistent practice and exposure to the language. It typically includes various stages such as vocabulary building, grammar mastery, and fluency development, each tailored to enhance specific skills needed for effective communication in English.', 'system', TRUE, '2026-02-28 01:18:26.000+00', '2026-03-17 07:55:29.000+00');
INSERT INTO public.explanation ("id", "user_id", "source_id", "text_range", "content", "author_type", "editable", "created_at", "updated_at") VALUES (8, 6, 10, '{"start":14,"end":54,"unit":"characters","text":"The article discusses the impo"}'::jsonb, 'The concept of "Learn English Fundamentals Online" involves using digital platforms and resources to teach basic English skills such as grammar, vocabulary, and sentence structure to learners from various backgrounds at their own pace. This approach offers flexibility and accessibility, allowing students to improve their language skills whenever and wherever they have internet access.', 'user', TRUE, '2026-03-17 09:02:12.000+00', NULL);
INSERT INTO public.explanation ("id", "user_id", "source_id", "text_range", "content", "author_type", "editable", "created_at", "updated_at") VALUES (9, NULL, 8, '{"start":45,"end":138,"unit":"characters","text":"In the quiet of her study, Sar"}'::jsonb, '"Unlocking English" refers to a method that breaks down complex grammatical structures and vocabulary into manageable components to help learners understand and apply them effectively. This approach emphasizes interactive and context-rich learning experiences to enhance comprehension and fluency.', 'system', TRUE, '2026-03-09 11:18:57.000+00', '2026-03-16 08:34:53.000+00');
INSERT INTO public.explanation ("id", "user_id", "source_id", "text_range", "content", "author_type", "editable", "created_at", "updated_at") VALUES (10, NULL, 4, '{"start":28,"end":127,"unit":"characters","text":"As I flipped through the pages"}'::jsonb, 'The concept of phonetic transcription in "Unlocking English: A Comprehensive Guide" involves using symbols to represent the sounds of speech, helping learners to pronounce English words correctly by relating them to their phonetic equivalents. This technique is crucial for improving pronunciation and understanding spoken English.', 'system', TRUE, '2026-02-28 01:03:53.000+00', '2026-03-16 09:52:00.000+00');

-- favorite_item
INSERT INTO public.favorite_item ("id", "user_id", "text", "type", "note", "created_at", "updated_at") VALUES (1, 4, 'Break the ice', 'idiom', NULL, '2026-02-17 22:14:20.000+00', '2026-03-08 09:08:32.000+00');
INSERT INTO public.favorite_item ("id", "user_id", "text", "type", "note", "created_at", "updated_at") VALUES (2, 12, 'Break the ice', 'other', NULL, '2026-02-27 20:03:11.000+00', '2026-03-17 23:15:32.000+00');
INSERT INTO public.favorite_item ("id", "user_id", "text", "type", "note", "created_at", "updated_at") VALUES (3, 7, 'Break a leg', 'other', NULL, '2026-01-24 09:28:30.000+00', '2026-03-03 20:27:32.000+00');
INSERT INTO public.favorite_item ("id", "user_id", "text", "type", "note", "created_at", "updated_at") VALUES (4, 14, 'Break a leg', 'idiom', NULL, '2026-02-18 05:08:47.000+00', '2026-03-12 19:12:22.000+00');
INSERT INTO public.favorite_item ("id", "user_id", "text", "type", "note", "created_at", "updated_at") VALUES (5, 14, 'Break the ice', 'word', NULL, '2026-02-08 04:36:42.000+00', '2026-03-12 14:37:22.000+00');
INSERT INTO public.favorite_item ("id", "user_id", "text", "type", "note", "created_at", "updated_at") VALUES (6, 14, 'Break the ice', 'other', '"Break the ice" is useful for initiating conversations and easing tensions in social situations.', '2026-02-27 21:34:17.000+00', '2026-03-06 01:14:19.000+00');
INSERT INTO public.favorite_item ("id", "user_id", "text", "type", "note", "created_at", "updated_at") VALUES (7, 15, 'Break the ice', 'phrase', NULL, '2026-03-09 06:46:05.000+00', '2026-03-14 18:07:48.000+00');
INSERT INTO public.favorite_item ("id", "user_id", "text", "type", "note", "created_at", "updated_at") VALUES (8, 4, 'Break the ice', 'idiom', '"Break the ice" is useful for initiating conversation and easing tension in social situations.', '2026-02-08 04:21:19.000+00', '2026-03-05 23:16:40.000+00');
INSERT INTO public.favorite_item ("id", "user_id", "text", "type", "note", "created_at", "updated_at") VALUES (9, 10, 'Break the ice', 'other', NULL, '2026-03-15 23:05:42.000+00', '2026-03-06 12:12:34.000+00');
INSERT INTO public.favorite_item ("id", "user_id", "text", "type", "note", "created_at", "updated_at") VALUES (10, 14, 'Break a leg', 'idiom', NULL, '2026-03-05 02:21:01.000+00', '2026-03-10 09:17:01.000+00');
INSERT INTO public.favorite_item ("id", "user_id", "text", "type", "note", "created_at", "updated_at") VALUES (11, 3, 'Break the ice', 'other', NULL, '2026-02-13 00:06:08.000+00', '2026-03-10 00:43:56.000+00');
INSERT INTO public.favorite_item ("id", "user_id", "text", "type", "note", "created_at", "updated_at") VALUES (12, 15, 'Break the ice', 'other', '"Break the ice" is useful for initiating conversation and easing tension in social situations.', '2026-03-01 04:09:48.000+00', '2026-03-10 09:20:45.000+00');

-- llm_log
INSERT INTO public.llm_log ("id", "user_id", "request_type", "prompt", "response", "tokens_used", "created_at", "job_id", "status", "completed_at", "error") VALUES (1, 9, 'grammar_check', 'User requested grammar_check about English learning.', NULL, NULL, '2026-02-25 20:48:47.000+00', '9b0f5ad4-43de-4393-81de-697a0f6b09cc', 'in_progress', NULL, NULL);
INSERT INTO public.llm_log ("id", "user_id", "request_type", "prompt", "response", "tokens_used", "created_at", "job_id", "status", "completed_at", "error") VALUES (2, 3, 'summarize', 'User requested summarize about English learning.', NULL, NULL, '2026-02-20 15:53:58.000+00', 'f9cf279d-7cfc-4e1b-a242-aa4417fbc1eb', 'failed', NULL, 'LLM service unavailable');
INSERT INTO public.llm_log ("id", "user_id", "request_type", "prompt", "response", "tokens_used", "created_at", "job_id", "status", "completed_at", "error") VALUES (3, 10, 'summarize', 'User requested summarize about English learning.', 'Generated response for summarize.', 177, '2026-02-16 18:54:27.000+00', '87728c44-0fae-496b-936f-89816c9c3637', 'completed', '2026-02-16 18:54:30.000+00', NULL);
INSERT INTO public.llm_log ("id", "user_id", "request_type", "prompt", "response", "tokens_used", "created_at", "job_id", "status", "completed_at", "error") VALUES (4, 3, 'grammar_check', 'User requested grammar_check about English learning.', NULL, NULL, '2026-02-17 05:04:44.000+00', '9093434c-81d5-4d9b-809b-f1166f6b7b4f', 'failed', NULL, 'LLM service unavailable');
INSERT INTO public.llm_log ("id", "user_id", "request_type", "prompt", "response", "tokens_used", "created_at", "job_id", "status", "completed_at", "error") VALUES (5, 5, 'explain', 'User requested explain about English learning.', 'Generated response for explain.', 173, '2026-02-26 09:13:21.000+00', '74e1e53d-1a70-418a-9be2-11fd11ce6df0', 'completed', '2026-02-26 09:13:28.000+00', NULL);
INSERT INTO public.llm_log ("id", "user_id", "request_type", "prompt", "response", "tokens_used", "created_at", "job_id", "status", "completed_at", "error") VALUES (6, 13, 'generate_questions', 'User requested generate_questions about English learning.', NULL, NULL, '2026-03-14 02:36:23.000+00', '53fb2dea-649c-4288-bdbf-9ac540bfed91', 'failed', NULL, 'LLM service unavailable');
INSERT INTO public.llm_log ("id", "user_id", "request_type", "prompt", "response", "tokens_used", "created_at", "job_id", "status", "completed_at", "error") VALUES (7, 9, 'generate_questions', 'User requested generate_questions about English learning.', NULL, NULL, '2026-03-16 01:30:36.000+00', 'c9b03c6f-89cc-4389-abee-3c58a9a98dd2', 'in_progress', NULL, NULL);
INSERT INTO public.llm_log ("id", "user_id", "request_type", "prompt", "response", "tokens_used", "created_at", "job_id", "status", "completed_at", "error") VALUES (8, 14, 'generate_questions', 'User requested generate_questions about English learning.', NULL, NULL, '2026-02-26 04:59:29.000+00', '1f255a4e-4209-4ea4-b72c-9d957f461afd', 'in_progress', NULL, NULL);
INSERT INTO public.llm_log ("id", "user_id", "request_type", "prompt", "response", "tokens_used", "created_at", "job_id", "status", "completed_at", "error") VALUES (9, 2, 'grammar_check', 'User requested grammar_check about English learning.', 'Generated response for grammar_check.', 388, '2026-03-04 15:48:32.000+00', '1ce44099-1354-4ae5-9494-b6fb299ccf59', 'completed', '2026-03-04 15:48:42.000+00', NULL);
INSERT INTO public.llm_log ("id", "user_id", "request_type", "prompt", "response", "tokens_used", "created_at", "job_id", "status", "completed_at", "error") VALUES (10, NULL, 'explain', 'User requested explain about English learning.', 'Generated response for explain.', 265, '2026-03-05 03:29:49.000+00', 'd1d14a68-38ee-425f-8bd0-d5970050e6c0', 'completed', '2026-03-05 03:29:57.000+00', NULL);
INSERT INTO public.llm_log ("id", "user_id", "request_type", "prompt", "response", "tokens_used", "created_at", "job_id", "status", "completed_at", "error") VALUES (11, 13, 'generate_questions', 'User requested generate_questions about English learning.', NULL, NULL, '2026-03-16 09:53:05.000+00', '6c59937c-4737-4eba-be76-be19c55547c0', 'failed', NULL, 'LLM service unavailable');
INSERT INTO public.llm_log ("id", "user_id", "request_type", "prompt", "response", "tokens_used", "created_at", "job_id", "status", "completed_at", "error") VALUES (12, 15, 'summarize', 'User requested summarize about English learning.', NULL, NULL, '2026-02-25 19:32:09.000+00', 'b9778c5d-b206-46fa-a24e-1f1bd491baa5', 'in_progress', NULL, NULL);
INSERT INTO public.llm_log ("id", "user_id", "request_type", "prompt", "response", "tokens_used", "created_at", "job_id", "status", "completed_at", "error") VALUES (13, 14, 'summarize', 'User requested summarize about English learning.', NULL, NULL, '2026-03-04 15:19:15.000+00', '20cd61b5-ae63-444b-9aae-ac72db71dabf', 'failed', NULL, 'LLM service unavailable');
INSERT INTO public.llm_log ("id", "user_id", "request_type", "prompt", "response", "tokens_used", "created_at", "job_id", "status", "completed_at", "error") VALUES (14, 9, 'summarize', 'User requested summarize about English learning.', 'Generated response for summarize.', 308, '2026-03-10 23:21:23.000+00', '90699f1c-e430-48e4-9fb7-d75c9dda5fed', 'completed', '2026-03-10 23:21:33.000+00', NULL);
INSERT INTO public.llm_log ("id", "user_id", "request_type", "prompt", "response", "tokens_used", "created_at", "job_id", "status", "completed_at", "error") VALUES (15, NULL, 'summarize', 'User requested summarize about English learning.', 'Generated response for summarize.', 87, '2026-03-03 09:58:53.000+00', '2ada5d99-42f6-425b-bfeb-fc3a11bd2716', 'completed', '2026-03-03 09:59:02.000+00', NULL);

-- metrics
INSERT INTO public.metrics ("id", "name", "timestamp", "value", "tags") VALUES (1, 'quiz_created', '2026-02-14 07:27:12.000+00', 59, '{"env":"seed","region":"us"}'::jsonb);
INSERT INTO public.metrics ("id", "name", "timestamp", "value", "tags") VALUES (2, 'quiz_attempt_completed', '2026-01-23 21:32:00.000+00', 87, '{"env":"seed","region":"asia"}'::jsonb);
INSERT INTO public.metrics ("id", "name", "timestamp", "value", "tags") VALUES (3, 'user_active', '2026-03-06 16:13:15.000+00', 80, '{"env":"seed","region":"us"}'::jsonb);
INSERT INTO public.metrics ("id", "name", "timestamp", "value", "tags") VALUES (4, 'comment_added', '2026-03-12 06:27:07.000+00', 92, '{"env":"seed","region":"eu"}'::jsonb);
INSERT INTO public.metrics ("id", "name", "timestamp", "value", "tags") VALUES (5, 'requests', '2026-03-13 10:58:15.000+00', 87, '{"env":"seed","region":"us"}'::jsonb);
INSERT INTO public.metrics ("id", "name", "timestamp", "value", "tags") VALUES (6, 'source_uploaded', '2026-01-21 21:17:06.000+00', 36, '{"env":"seed","region":"us"}'::jsonb);
INSERT INTO public.metrics ("id", "name", "timestamp", "value", "tags") VALUES (7, 'quiz_attempt_completed', '2026-01-18 14:18:58.000+00', 36, '{"env":"seed","region":"us"}'::jsonb);
INSERT INTO public.metrics ("id", "name", "timestamp", "value", "tags") VALUES (8, 'quiz_attempt_completed', '2026-02-18 03:44:37.000+00', 60, '{"env":"seed","region":"eu"}'::jsonb);
INSERT INTO public.metrics ("id", "name", "timestamp", "value", "tags") VALUES (9, 'requests', '2026-02-18 05:45:43.000+00', 74, '{"env":"seed","region":"asia"}'::jsonb);
INSERT INTO public.metrics ("id", "name", "timestamp", "value", "tags") VALUES (10, 'user_active', '2026-01-28 03:54:32.000+00', 79, '{"env":"seed","region":"us"}'::jsonb);
INSERT INTO public.metrics ("id", "name", "timestamp", "value", "tags") VALUES (11, 'quiz_attempt_completed', '2026-02-06 03:03:46.000+00', 63, '{"env":"seed","region":"asia"}'::jsonb);
INSERT INTO public.metrics ("id", "name", "timestamp", "value", "tags") VALUES (12, 'source_uploaded', '2026-02-05 06:25:07.000+00', 96, '{"env":"seed","region":"eu"}'::jsonb);
INSERT INTO public.metrics ("id", "name", "timestamp", "value", "tags") VALUES (13, 'quiz_attempt_completed', '2026-02-09 23:09:09.000+00', 67, '{"env":"seed","region":"us"}'::jsonb);
INSERT INTO public.metrics ("id", "name", "timestamp", "value", "tags") VALUES (14, 'quiz_attempt_completed', '2026-02-17 05:29:35.000+00', 96, '{"env":"seed","region":"asia"}'::jsonb);
INSERT INTO public.metrics ("id", "name", "timestamp", "value", "tags") VALUES (15, 'source_uploaded', '2026-02-28 02:23:24.000+00', 22, '{"env":"seed","region":"us"}'::jsonb);
INSERT INTO public.metrics ("id", "name", "timestamp", "value", "tags") VALUES (16, 'comment_added', '2026-02-23 12:29:05.000+00', 15, '{"env":"seed","region":"eu"}'::jsonb);
INSERT INTO public.metrics ("id", "name", "timestamp", "value", "tags") VALUES (17, 'latency_avg', '2026-02-07 18:54:33.000+00', 828.8969702553004, '{"env":"seed","region":"asia"}'::jsonb);
INSERT INTO public.metrics ("id", "name", "timestamp", "value", "tags") VALUES (18, 'user_active', '2026-01-22 05:19:25.000+00', 5, '{"env":"seed","region":"asia"}'::jsonb);
INSERT INTO public.metrics ("id", "name", "timestamp", "value", "tags") VALUES (19, 'requests', '2026-01-26 18:18:38.000+00', 9, '{"env":"seed","region":"us"}'::jsonb);
INSERT INTO public.metrics ("id", "name", "timestamp", "value", "tags") VALUES (20, 'quiz_attempt_completed', '2026-01-25 04:29:22.000+00', 38, '{"env":"seed","region":"us"}'::jsonb);

-- admin_log
INSERT INTO public.admin_log ("id", "admin_id", "action", "target_type", "target_id", "details", "created_at") VALUES (1, 1, 'ban_user', 'quiz', 4, NULL, '2026-03-01 10:33:58.000+00');
INSERT INTO public.admin_log ("id", "admin_id", "action", "target_type", "target_id", "details", "created_at") VALUES (2, 1, 'disable_quiz', 'quiz', 5, NULL, '2026-03-11 01:12:56.000+00');
INSERT INTO public.admin_log ("id", "admin_id", "action", "target_type", "target_id", "details", "created_at") VALUES (3, 1, 'enable_quiz', 'user', 2, NULL, '2026-03-10 12:18:16.000+00');
INSERT INTO public.admin_log ("id", "admin_id", "action", "target_type", "target_id", "details", "created_at") VALUES (4, 1, 'ban_user', 'quiz', 7, '{"reason":"Admin performed ban_user"}'::jsonb, '2026-03-14 05:46:58.000+00');
INSERT INTO public.admin_log ("id", "admin_id", "action", "target_type", "target_id", "details", "created_at") VALUES (5, 1, 'ban_user', 'quiz', 7, '{"reason":"Admin performed ban_user"}'::jsonb, '2026-03-12 04:08:39.000+00');
INSERT INTO public.admin_log ("id", "admin_id", "action", "target_type", "target_id", "details", "created_at") VALUES (6, 1, 'disable_quiz', 'report', 7, NULL, '2026-03-08 12:20:03.000+00');
INSERT INTO public.admin_log ("id", "admin_id", "action", "target_type", "target_id", "details", "created_at") VALUES (7, 1, 'disable_quiz', 'comment', 9, NULL, '2026-03-03 03:42:49.000+00');
INSERT INTO public.admin_log ("id", "admin_id", "action", "target_type", "target_id", "details", "created_at") VALUES (8, 1, 'approve_quiz', 'report', 4, NULL, '2026-03-05 09:15:03.000+00');
INSERT INTO public.admin_log ("id", "admin_id", "action", "target_type", "target_id", "details", "created_at") VALUES (9, 1, 'ban_user', 'report', 2, NULL, '2026-02-24 02:50:42.000+00');
INSERT INTO public.admin_log ("id", "admin_id", "action", "target_type", "target_id", "details", "created_at") VALUES (10, 1, 'enable_quiz', 'user', 3, NULL, '2026-02-25 12:57:41.000+00');

-- report
INSERT INTO public.report ("id", "user_id", "target_type", "target_id", "reason", "resolved", "resolved_by", "resolved_at", "created_at", "attempt_id") VALUES (1, 6, 'question', 19, 'Report reason 1', FALSE, NULL, NULL, '2026-03-09 05:39:19.000+00', NULL);
INSERT INTO public.report ("id", "user_id", "target_type", "target_id", "reason", "resolved", "resolved_by", "resolved_at", "created_at", "attempt_id") VALUES (2, 11, 'quiz', 6, 'Report reason 2', FALSE, NULL, NULL, '2026-03-05 02:01:05.000+00', NULL);
INSERT INTO public.report ("id", "user_id", "target_type", "target_id", "reason", "resolved", "resolved_by", "resolved_at", "created_at", "attempt_id") VALUES (3, 12, 'question', 7, 'Report reason 3', FALSE, NULL, NULL, '2026-03-06 22:32:54.000+00', NULL);
INSERT INTO public.report ("id", "user_id", "target_type", "target_id", "reason", "resolved", "resolved_by", "resolved_at", "created_at", "attempt_id") VALUES (4, 5, 'comment', 17, 'Report reason 4', FALSE, NULL, NULL, '2026-03-06 16:51:35.000+00', NULL);
INSERT INTO public.report ("id", "user_id", "target_type", "target_id", "reason", "resolved", "resolved_by", "resolved_at", "created_at", "attempt_id") VALUES (5, 15, 'quiz', 3, 'Report reason 5', FALSE, NULL, NULL, '2026-03-16 02:32:30.000+00', NULL);
INSERT INTO public.report ("id", "user_id", "target_type", "target_id", "reason", "resolved", "resolved_by", "resolved_at", "created_at", "attempt_id") VALUES (6, 4, 'comment', 6, 'Report reason 6', TRUE, 1, '2026-03-18 19:27:15.000+00', '2026-03-01 14:34:33.000+00', NULL);
INSERT INTO public.report ("id", "user_id", "target_type", "target_id", "reason", "resolved", "resolved_by", "resolved_at", "created_at", "attempt_id") VALUES (7, 5, 'question', 8, 'Report reason 7', FALSE, NULL, NULL, '2026-03-15 15:47:30.000+00', NULL);
INSERT INTO public.report ("id", "user_id", "target_type", "target_id", "reason", "resolved", "resolved_by", "resolved_at", "created_at", "attempt_id") VALUES (8, 5, 'comment', 1, 'Report reason 8', TRUE, 1, '2026-03-19 00:48:41.000+00', '2026-03-17 20:44:10.000+00', NULL);

-- sessions
INSERT INTO public.sessions ("id", "user_id", "token_hash", "created_at", "expires_at", "revoked", "ip_address", "user_agent") VALUES ('f0a7f3ea-c344-4618-8522-1a7d625cd984', 7, 'EFJJOO9UVrtAp/dsEyzTn52p0LTXuJtcOjLTsBIGNho=', '2026-03-14 18:34:49.000+00', '2026-03-21 18:34:49.000+00', FALSE, '192.168.197.32', 'Mozilla/5.0 (iPhone; CPU iPhone OS 15_0 like Mac OS X) AppleWebKit/605.1.15');
INSERT INTO public.sessions ("id", "user_id", "token_hash", "created_at", "expires_at", "revoked", "ip_address", "user_agent") VALUES ('465e3f9b-b103-4721-9a2f-c5f7b009147c', 1, 'FyGgKfIKfIm0CrNV07IuJVdE9omOqBUrYufdjyL/ymY=', '2026-02-24 11:42:39.000+00', '2026-03-09 11:42:39.000+00', FALSE, '192.168.51.223', 'Mozilla/5.0 (iPhone; CPU iPhone OS 15_0 like Mac OS X) AppleWebKit/605.1.15');
INSERT INTO public.sessions ("id", "user_id", "token_hash", "created_at", "expires_at", "revoked", "ip_address", "user_agent") VALUES ('30983174-6764-4f59-9eaa-d70e1bea2ed9', 8, 'oJpbPdPBMIToVwRE2pRjP10msQ6VoAD/Rl2EElyqBvE=', '2026-02-26 03:01:59.000+00', '2026-03-08 03:01:59.000+00', FALSE, '192.168.148.216', 'Mozilla/5.0 (Macintosh; Intel Mac OS X 10_15_7) AppleWebKit/537.36');
INSERT INTO public.sessions ("id", "user_id", "token_hash", "created_at", "expires_at", "revoked", "ip_address", "user_agent") VALUES ('f7e805d4-bd27-4286-a26a-8ef8271dcb28', 2, '7jLY/0BeRWtSrQEHjF8DmNJpN34j9KIDC0O/UTSwULs=', '2026-03-11 16:17:39.000+00', '2026-03-25 16:17:39.000+00', FALSE, '192.168.253.132', 'Mozilla/5.0 (Windows NT 10.0; Win64; x64) AppleWebKit/537.36');
INSERT INTO public.sessions ("id", "user_id", "token_hash", "created_at", "expires_at", "revoked", "ip_address", "user_agent") VALUES ('18861293-8272-4254-babc-cd4b41ccbec8', 13, 'dNaRf2C60fYxIy0g1GwKpP71bXqH9sm/DXgwQA6bh2s=', '2026-03-04 05:42:30.000+00', '2026-03-06 05:42:30.000+00', FALSE, '192.168.54.192', 'Mozilla/5.0 (Windows NT 10.0; Win64; x64) AppleWebKit/537.36');
INSERT INTO public.sessions ("id", "user_id", "token_hash", "created_at", "expires_at", "revoked", "ip_address", "user_agent") VALUES ('cf70ee65-8eec-4458-8bda-968a23e2efa1', 2, 'pMdbOeKjHLxcH/6nRoQ7frlQDyYyKhelox1hhp+D504=', '2026-03-11 21:42:22.000+00', '2026-03-23 21:42:22.000+00', FALSE, '192.168.102.40', 'Mozilla/5.0 (iPhone; CPU iPhone OS 15_0 like Mac OS X) AppleWebKit/605.1.15');
INSERT INTO public.sessions ("id", "user_id", "token_hash", "created_at", "expires_at", "revoked", "ip_address", "user_agent") VALUES ('188c0946-7426-4476-a8c5-d1582aa9a6c1', 10, 'nje88PjcJSH71HwDh7ChJeE22Lh16bdQp1N+sUCybS8=', '2026-02-28 23:41:21.000+00', '2026-03-11 23:41:21.000+00', TRUE, '192.168.54.88', 'Mozilla/5.0 (Macintosh; Intel Mac OS X 10_15_7) AppleWebKit/537.36');
INSERT INTO public.sessions ("id", "user_id", "token_hash", "created_at", "expires_at", "revoked", "ip_address", "user_agent") VALUES ('6c003c83-eb8f-4a45-a10e-120815f837b1', 13, 'je5LH6/+e/8XEMJbaJ0w8spn5MLU/1fVbDVToiOTdSQ=', '2026-03-01 23:48:45.000+00', '2026-03-12 23:48:45.000+00', FALSE, '192.168.126.189', 'Mozilla/5.0 (Macintosh; Intel Mac OS X 10_15_7) AppleWebKit/537.36');
INSERT INTO public.sessions ("id", "user_id", "token_hash", "created_at", "expires_at", "revoked", "ip_address", "user_agent") VALUES ('88bb29d6-0d25-45ec-9558-c9860a100350', 10, 'SMbN+EscI6ZKFGZCXj+7LAnfU3xTuhGuUVtD9vsywyQ=', '2026-03-07 19:04:26.000+00', '2026-03-19 19:04:26.000+00', FALSE, '192.168.15.239', 'Mozilla/5.0 (Macintosh; Intel Mac OS X 10_15_7) AppleWebKit/537.36');
INSERT INTO public.sessions ("id", "user_id", "token_hash", "created_at", "expires_at", "revoked", "ip_address", "user_agent") VALUES ('59ce3dbc-6fc7-4952-959e-a7d229c55452', 8, 'pm1nDnnGvBFIW1sJks+Oyb7ZJLgCBkFSILfNlW/WVbw=', '2026-02-18 22:54:03.000+00', '2026-02-19 22:54:03.000+00', FALSE, '192.168.205.82', 'Mozilla/5.0 (Macintosh; Intel Mac OS X 10_15_7) AppleWebKit/537.36');
INSERT INTO public.sessions ("id", "user_id", "token_hash", "created_at", "expires_at", "revoked", "ip_address", "user_agent") VALUES ('a9a08c4a-f64a-4ec5-a53c-0f5031a7700f', 10, 'EFk2SL5eQdbmhUOcDCPFLixkRqPZIsSQ7h28v94w4ls=', '2026-03-03 15:37:32.000+00', '2026-03-05 15:37:32.000+00', FALSE, '192.168.114.179', 'Mozilla/5.0 (Windows NT 10.0; Win64; x64) AppleWebKit/537.36');
INSERT INTO public.sessions ("id", "user_id", "token_hash", "created_at", "expires_at", "revoked", "ip_address", "user_agent") VALUES ('0f7d9d0d-ade9-4f71-bf3a-7228405a73af', 10, 'XSVMPOu0ty55m5DnyYlm2SJmqsZWOAyeMFsDYlTwT14=', '2026-03-17 13:30:24.000+00', '2026-03-21 13:30:24.000+00', FALSE, '192.168.127.4', 'Mozilla/5.0 (Macintosh; Intel Mac OS X 10_15_7) AppleWebKit/537.36');
INSERT INTO public.sessions ("id", "user_id", "token_hash", "created_at", "expires_at", "revoked", "ip_address", "user_agent") VALUES ('d0551765-1237-4db4-a7fe-c9b98ca071e2', 2, 'r8kJlt6fur4//RFIXpRbY79XEOsk+q6kyWJ7WXZLIiw=', '2026-02-25 05:58:03.000+00', '2026-03-11 05:58:03.000+00', TRUE, '192.168.191.107', 'Mozilla/5.0 (iPhone; CPU iPhone OS 15_0 like Mac OS X) AppleWebKit/605.1.15');
INSERT INTO public.sessions ("id", "user_id", "token_hash", "created_at", "expires_at", "revoked", "ip_address", "user_agent") VALUES ('ef361606-9f0b-458b-ba0e-b3cf960c4087', 4, 'MTZLzQFM0h4D03BkEXatzgoy+YgtK2Iik74Je3SwPUI=', '2026-03-17 11:45:57.000+00', '2026-03-25 11:45:57.000+00', TRUE, '192.168.157.32', 'Mozilla/5.0 (Windows NT 10.0; Win64; x64) AppleWebKit/537.36');
INSERT INTO public.sessions ("id", "user_id", "token_hash", "created_at", "expires_at", "revoked", "ip_address", "user_agent") VALUES ('6e90a3d8-f664-499d-a2ab-d63eef4c0a7a', 7, '6Falg+gyvDA47d8PgeNAN4awi8F0VIbAc5Pj1uTZpvE=', '2026-03-17 03:57:03.000+00', '2026-03-21 03:57:03.000+00', FALSE, '192.168.49.4', 'Mozilla/5.0 (iPhone; CPU iPhone OS 15_0 like Mac OS X) AppleWebKit/605.1.15');

-- user_source_progress
INSERT INTO public.user_source_progress ("id", "user_id", "source_id", "last_position", "updated_at") VALUES (1, 10, 9, '{"scrollPercent":0.8486088733188808,"paragraphIndex":11,"lastRead":"2026-03-19T13:53:59.000Z"}', '2026-03-15 22:38:58.000+00');
INSERT INTO public.user_source_progress ("id", "user_id", "source_id", "last_position", "updated_at") VALUES (2, 14, 5, '{"scrollPercent":0.7842309412080795,"paragraphIndex":19,"lastRead":"2026-03-18T19:58:36.000Z"}', '2026-03-19 12:01:14.000+00');
INSERT INTO public.user_source_progress ("id", "user_id", "source_id", "last_position", "updated_at") VALUES (3, 6, 2, '{"scrollPercent":0.31278850068338215,"paragraphIndex":16,"lastRead":"2026-03-19T13:43:36.000Z"}', '2026-03-18 05:47:53.000+00');
INSERT INTO public.user_source_progress ("id", "user_id", "source_id", "last_position", "updated_at") VALUES (4, 10, 4, '{"scrollPercent":0.31337274541147053,"paragraphIndex":20,"lastRead":"2026-03-17T21:44:17.000Z"}', '2026-03-17 16:34:51.000+00');
INSERT INTO public.user_source_progress ("id", "user_id", "source_id", "last_position", "updated_at") VALUES (5, 13, 10, '{"scrollPercent":0.0950647562276572,"paragraphIndex":0,"lastRead":"2026-03-19T09:51:17.000Z"}', '2026-03-19 12:18:20.000+00');
INSERT INTO public.user_source_progress ("id", "user_id", "source_id", "last_position", "updated_at") VALUES (6, 9, 9, '{"scrollPercent":0.2555049890652299,"paragraphIndex":12,"lastRead":"2026-03-17T12:30:15.000Z"}', '2026-03-13 17:07:47.000+00');
INSERT INTO public.user_source_progress ("id", "user_id", "source_id", "last_position", "updated_at") VALUES (7, 7, 6, '{"scrollPercent":0.7549169030971825,"paragraphIndex":17,"lastRead":"2026-03-18T07:23:15.000Z"}', '2026-03-19 16:01:04.000+00');
INSERT INTO public.user_source_progress ("id", "user_id", "source_id", "last_position", "updated_at") VALUES (8, 15, 3, '{"scrollPercent":0.19252207456156611,"paragraphIndex":4,"lastRead":"2026-03-16T20:30:13.000Z"}', '2026-03-15 16:34:52.000+00');
INSERT INTO public.user_source_progress ("id", "user_id", "source_id", "last_position", "updated_at") VALUES (9, 11, 5, '{"scrollPercent":0.9888719401787966,"paragraphIndex":17,"lastRead":"2026-03-19T03:42:52.000Z"}', '2026-03-17 00:06:31.000+00');
INSERT INTO public.user_source_progress ("id", "user_id", "source_id", "last_position", "updated_at") VALUES (10, 13, 9, '{"scrollPercent":0.45289481873624027,"paragraphIndex":12,"lastRead":"2026-03-17T23:30:23.000Z"}', '2026-03-13 19:13:14.000+00');
INSERT INTO public.user_source_progress ("id", "user_id", "source_id", "last_position", "updated_at") VALUES (11, 13, 11, '{"scrollPercent":0.6737385578453541,"paragraphIndex":16,"lastRead":"2026-03-18T07:08:21.000Z"}', '2026-03-15 23:19:48.000+00');
INSERT INTO public.user_source_progress ("id", "user_id", "source_id", "last_position", "updated_at") VALUES (12, 2, 11, '{"scrollPercent":0.49634199938736856,"paragraphIndex":9,"lastRead":"2026-03-17T15:48:38.000Z"}', '2026-03-16 19:25:08.000+00');

COMMIT;